-- MySQL dump 10.13  Distrib 5.1.49, for Win64 (unknown)
--
-- Host: localhost    Database: bitsecurelabs
-- ------------------------------------------------------
-- Server version	5.1.49-community

/*!40101 SET @OLD_CHARACTER_SET_CLIENT=@@CHARACTER_SET_CLIENT */;
/*!40101 SET @OLD_CHARACTER_SET_RESULTS=@@CHARACTER_SET_RESULTS */;
/*!40101 SET @OLD_COLLATION_CONNECTION=@@COLLATION_CONNECTION */;
/*!40101 SET NAMES utf8 */;
/*!40103 SET @OLD_TIME_ZONE=@@TIME_ZONE */;
/*!40103 SET TIME_ZONE='+00:00' */;
/*!40014 SET @OLD_UNIQUE_CHECKS=@@UNIQUE_CHECKS, UNIQUE_CHECKS=0 */;
/*!40014 SET @OLD_FOREIGN_KEY_CHECKS=@@FOREIGN_KEY_CHECKS, FOREIGN_KEY_CHECKS=0 */;
/*!40101 SET @OLD_SQL_MODE=@@SQL_MODE, SQL_MODE='NO_AUTO_VALUE_ON_ZERO' */;
/*!40111 SET @OLD_SQL_NOTES=@@SQL_NOTES, SQL_NOTES=0 */;

--
-- Table structure for table `client_info`
--

DROP TABLE IF EXISTS `client_info`;
/*!40101 SET @saved_cs_client     = @@character_set_client */;
/*!40101 SET character_set_client = utf8 */;
CREATE TABLE `client_info` (
  `user` text,
  `host` text,
  `mac` text,
  `country` text,
  `os` text,
  `nus_users` int(11) DEFAULT NULL
) ENGINE=InnoDB DEFAULT CHARSET=latin1;
/*!40101 SET character_set_client = @saved_cs_client */;

--
-- Dumping data for table `client_info`
--

LOCK TABLES `client_info` WRITE;
/*!40000 ALTER TABLE `client_info` DISABLE KEYS */;
INSERT INTO `client_info` VALUES ('mws-000020545','','','India','',NULL),('MWS-000020546','BITSECURELABS','001C25744E82','India','Microsoft Windows NT 6.1.7600.0',NULL),('mws-000020551','dev2','48:5b:39:c6:81:1b','Ukraine','6.1.1.0',NULL),('mws-000020543','dev2','48:5b:39:c6:81:1b','Ukraine','6.1.1.0',NULL),('MWS-000020558','VTH009','406186C2A4FD','India','Microsoft Windows NT 5.1.2600 Service Pack 3',NULL),('MWS-000020533','UMA','0016E617FB18','India','Microsoft Windows NT 5.1.2600 Service Pack 3',NULL),('mws-000020547','','','India','',NULL),('mws-000020550','dev2','48:5b:39:c6:81:1b','Ukraine','6.1.1.0',NULL),('mws-000020560','raomk','00:01:6c:9c:f8:be','India','6.0.0.0',NULL),('aaaaaaaaaa','dev2','48:5b:39:c6:81:1b','Ukraine','6.1.1.0',NULL),('MWS-00002035','SKZN-SPARES','00E0207550B4','India','Microsoft Windows NT 5.1.2600 Service Pack 3',NULL),('mws-00236546','bsiaware','00:01:6c:56:90:94','India','5.1.3.0',NULL),('mws-00002736454','bujji','88:53:2e:09:fb:6a','India','6.1.0.0',NULL),('mws-000020556454','bsiaware','00:01:6c:56:90:94','','5.1.3.0',NULL),('MWS-000020347','BSAVS','6C626D8F282E','India','Microsoft Windows NT 5.1.2600 Service Pack 2',NULL),('apssahyd','planning','00:1e:90:0f:67:ba','India','5.1.2.0',NULL),('mws-000020566','laxmipathi-ril','c2:46:19:a5:e9:48','India','6.1.1.0',NULL),('mws-000020561','rameshreddy-ril','00:1c:bf:9a:58:72','India','6.1.1.0',NULL),('MWS-000020542','DEV2','485B39C6811B','Ukraine','Microsoft Windows NT 6.1.7601 Service Pack 1',NULL),('mws-000020562','ramkyit','00:21:97:32:a6:6a','India','5.1.3.0',NULL),('MWS-000020355','KZN-SUPERVISOR','00270E25D99A','India','Microsoft Windows NT 5.1.2600 Service Pack 3',NULL),('mws-000020555','dev2','48:5b:39:c6:81:1b','Ukraine','6.1.1.0',NULL),('MWS-000020559','BSECURECONSOLE','001EC9546A1B','India','Microsoft Windows NT 5.1.2600 Service Pack 3',NULL),('mws-000020553','bvsr1server','6c:62:6d:0f:1a:b2','India','5.1.3.0',NULL),('MWS-000020557','USER-PC','705AB62F15C3','India','Microsoft Windows NT 6.1.7600.0',NULL),('fdfdf','my-fd06051ffd2a','00:60:73:a1:68:a8','India','5.1.2.0',NULL),('mws-000020532','my-fd06051ffd2a','00:60:73:a1:68:a8','India','5.1.2.0',NULL),('mws-000020569','dev2','48:5b:39:c6:81:1b','Reserved','6.1.1.0',NULL),('mws-000020570','dev2','49:5b:39:c6:81:1b','Reserved','6.1.1.0',NULL),('mws-000020570','dev2','48:5b:39:c6:81:1b','Reserved','6.1.1.0',NULL),('mws-000020571','dev2','48:5b:39:c6:81:1b','Reserved','microsoft windows 7 ultimate',NULL),('mws-000020573','user-6c5f6f421c','00:0c:29:ce:4c:cc','Ukraine','microsoft windows xp professional',NULL),('MWS-000020574','USER-6C5F6F421C','000C29CE4CCC','Ukraine','Microsoft Windows NT 5.1.2600 Service Pack 3',NULL),('MWS-000020574','USER-PC','','Ukraine','Microsoft Windows NT 6.1.7600.0',NULL),('mws-000020553','bvsr22','6c:62:6d:0f:1d:fd','India','5.1.3.0',NULL),('mws-000020578','system32','00:1b:b9:99:26:39','India','microsoft windows 7 enterprise',NULL),('MWS-000020570','DEV2','485B39C6811B','Ukraine','Microsoft Windows NT 6.1.7601 Service Pack 1',NULL),('MWS-000020576','JJJ-CE932509457','000C2977B3F3','Ukraine','Microsoft Windows NT 5.1.2600 Service Pack 2',0),('mws-000020553','bvsr7','40:61:86:ea:18:e2','India','5.1.2.0',0),('mws-000020553','bvsr50','40:61:86:ea:1b:a7','India','5.1.2.0',0),('mws-000020553','bvsr20','6c:62:6d:0f:1a:36','India','5.1.2.0',0),('mws-000020553','reception','00:11:09:f6:a1:4a','India','5.1.2.0',0),('mws-000020553','bvsr5','40:61:86:ea:1d:6c','India','5.1.3.0',0),('mws-000020553','bvsr27','40:61:86:e4:dd:16','India','5.1.3.0',0),('MWS-000020581','SPA0407-125','0016766E3906','India','Microsoft Windows NT 5.1.2600 Service Pack 3',3),('MWS-000020581','USER-6C5F6F421C','000C29CE4CCC','Ukraine','Microsoft Windows NT 5.1.2600 Service Pack 3',0),('MWS-000020581','WIN-RHPS53JP8BU','000C29800D60','Ukraine','Microsoft Windows NT 6.1.7600.0',0),('MWS-000020574','PC3','001C36CB6344','India','Microsoft Windows NT 5.1.2600 Service Pack 3',3),('MWS-000020355','SPARES','00270E25D417','India','Microsoft Windows NT 5.1.2600 Service Pack 3',0),('MWS-000020355','ACC-PARUSHURAM','001CC0F035A6','India','Microsoft Windows NT 5.1.2600 Service Pack 3',0),('MWS-000020582','BITSECURELABS','001C25744E82','India','Microsoft Windows NT 6.1.7600.0',0),('MWS-000020583','BITSECURELABS','001C25744E82','India','Microsoft Windows NT 6.1.7600.0',0),('MWS-000020584','BITSECURELABS','001C25744E82','India','Microsoft Windows NT 6.1.7600.0',0),('MWS-000020579','RSUPPORT','7071BC62AB5D','India','Microsoft Windows NT 5.2.3790 Service Pack 2',0),('MMWS-000020585','PC3','001C36CB6344','India','Microsoft Windows NT 5.1.2600 Service Pack 3',0),('MMWS-000020581','PC3','001C36CB6344','India','Microsoft Windows NT 5.1.2600 Service Pack 3',0),('MWS-000020585','PC3','001C36CB6344','India','Microsoft Windows NT 5.1.2600 Service Pack 3',0),('MWS-000020345','SPA0407-125','0016766E3906','India','Microsoft Windows NT 5.1.2600 Service Pack 3',0),('mws-000020586','lenovosl400','00:26:18:94:55:fc','India','microsoft windows xp professional',0),('mws-000020553','bvsr40','40:61:86:ea:a6:9f','India','5.1.2.0',0),('mws-000020556','raomk','00:01:6c:9c:f8:be','India','6.0.0.0',0),('mws-000020564','bujji','00:50:56:c0:00:01','India','6.1.0.0',0),('mws-000020564','bujji','00:50:56:c0:00:08','India','6.1.0.0',0),('mws-000020573','dev2','48:5b:39:c6:81:1b','Ukraine','microsoft windows 7 ultimate',0),('MWS-000020590','BSECURECONSOLE','001EC9546A1B','India','Microsoft Windows NT 5.1.2600 Service Pack 3',10),('mws-000020532','kirandba','00:15:58:e4:7e:d2','India','5.1.2.0',0),('MWS-000020578','RSUPPORT','7071BC62AB5D','India','Microsoft Windows NT 5.2.3790 Service Pack 2',6),('MWS-000020578','AIGEDP','00270E049582','India','Microsoft Windows NT 5.1.2600 Service Pack 2',2),('mws-000020355','MBB-SPARES','00E04C4D1B57','India','Microsoft Windows NT 5.1.2600 Service Pack 3',0),('MWS-000020600','SERVER','001558D392DF','India','Microsoft Windows NT 5.2.3790 Service Pack 2',20),('admin1','msecuredatalabs','00:01:6c:56:90:94','India','microsoft windows xp professional',0),('jairaj','msecuredatalabs','00:01:6c:56:90:94','India','microsoft windows xp professional',0),('MWS-000020557','NCSERVER','001A64B63797','India','Microsoft Windows NT 6.0.6002 Service Pack 2',0),('mws-4020586','lenovosl400','00:26:18:94:55:fc','India','microsoft windows xp professional',0),('MWS-000020589','ITEG','D8D38579C526','India','Microsoft Windows NT 5.1.2600 Service Pack 3',26),('MWS-000020567','SRI-RIL-ADC-001','0014384EE664','India','Microsoft Windows NT 6.1.7601 Service Pack 1',0),('MWS-000020532','BITSECURESERVER','001E90BB1A13','India','Microsoft Windows NT 6.0.6002 Service Pack 2',0),('MWS-000020605','KASEEM','0019DBC12C8D','India','Microsoft Windows NT 5.1.2600 Service Pack 3',1),('MWS-000020597','ITEG','D8D38579C526','India','Microsoft Windows NT 5.1.2600 Service Pack 3',81),('mws-000020345','scitech-server','00:0e:7f:ff:46:90','India','microsoft(r) windows(r) server 2003, standard edition',0),('rrr','edp-pc','70:71:bc:62:ab:9a','India','microsoft windows 7 professional',0),('MWS-000020595','MEJIAACCOUNTS2','0060731AFDE3','India','Microsoft Windows NT 5.1.2600 Service Pack 2',0),('MWS-000020595','NODE','006073E66322','India','Microsoft Windows NT 5.1.2600 Service Pack 2',0),('MWS-000020546','MSECUREDATALABS','00016C569094','India','Microsoft Windows NT 5.1.2600 Service Pack 3',0),('mws000020640','snrinwa','00:ff:65:ea:00:05','India','microsoft windows xp professional',0),('MWS-000020593','RAMESHREDDY-RIL','001CC4CAC841','India','Microsoft Windows NT 6.1.7601 Service Pack 1',1),('MWS-000020642','SYS30-PC','782BCB9CFE53','India','Microsoft Windows NT 6.1.7601 Service Pack 1',0),('000020642','SYSTEM7','782BCB9D05E9','India','Microsoft Windows NT 6.1.7601 Service Pack 1',0),('000020642','CLABSYS5','782BCB8A1B3F','India','Microsoft Windows NT 6.1.7600.0',0),('000020642','SYSTEM9','14FEB5FC2E30','India','Microsoft Windows NT 6.1.7601 Service Pack 1',0),('MWS-000020642','SYS48-PC','782BCB8CF208','India','Microsoft Windows NT 6.1.7601 Service Pack 1',0),('000020642','SYSTEM15','782BCB8A16A1','India','Microsoft Windows NT 6.1.7600.0',0),('MWS-000020642','SYS47-PC','782BCB8AAE3B','India','Microsoft Windows NT 6.1.7600.0',0),('MWS-000020642','SYS46-PC','782BCB8CEA9D','India','Microsoft Windows NT 6.1.7600.0',0),('MWS-000020642','SYS50-PC','782BCB8AB078','India','Microsoft Windows NT 6.1.7600.0',0),('000020642','SYS34-PC','782BCB8A1A2F','India','Microsoft Windows NT 6.1.7601 Service Pack 1',0),('MWS-000020642','SYS49-PC','782BCB8AAE5F','India','Microsoft Windows NT 6.1.7600.0',0),('000020642','SYS-27-PC','782BCB9CFC7E','India','Microsoft Windows NT 6.1.7601 Service Pack 1',0),('000020642','SYS-28-PC','782BCB9CFEA1','India','Microsoft Windows NT 6.1.7601 Service Pack 1',0),('MWS-000020642','SYS42-PC','782BCB80AE71','India','Microsoft Windows NT 6.1.7600.0',0),('000020642','SYS24-PC','782BCB9D06C6','India','Microsoft Windows NT 6.1.7601 Service Pack 1',0),('MWS-000020642','SYS41-PC','782BCB8CF2B5','India','Microsoft Windows NT 6.1.7600.0',0),('MWS-000020642','SYS39-PC','782BCB8CF22C','India','Microsoft Windows NT 6.1.7600.0',0),('000020642','SYS21-PC','782BCB9D05BE','India','Microsoft Windows NT 6.1.7601 Service Pack 1',0),('MWS-000020642','SYS38-PC','782BCB8CF2E1','India','Microsoft Windows NT 6.1.7600.0',0),('MWS-000020642','SYS22-PC','782BCB9D058B','India','Microsoft Windows NT 6.1.7601 Service Pack 1',0),('MWS-000020642','SYS23-PC','782BCB9CFE3F','India','Microsoft Windows NT 6.1.7601 Service Pack 1',0),('MWS-000020642','SYS25-PC','782BCB9D0511','India','Microsoft Windows NT 6.1.7601 Service Pack 1',0),('MWS-000020642','SYS26-PC','782BCB9CFBBC','India','Microsoft Windows NT 6.1.7601 Service Pack 1',0),('MWS-000020642','SYS-29-PC','782BCB9CFF46','India','Microsoft Windows NT 6.1.7601 Service Pack 1',0),('MWS-000020642','SYS31-PC','782BCB9D07B4','India','Microsoft Windows NT 6.1.7601 Service Pack 1',0),('MWS-000020642','SYS32-PC','782BCB9CFDC3','India','Microsoft Windows NT 6.1.7601 Service Pack 1',0),('MWS-000020642','SYSTEM16','782BCB8A1A1D','India','Microsoft Windows NT 6.1.7600.0',0),('MWS-000020642','SYSTEM19','782BCB8A1749','India','Microsoft Windows NT 6.1.7600.0',0),('MWS-000020642','SYS33-PC','782BCB8CF2E2','India','Microsoft Windows NT 6.1.7601 Service Pack 1',0),('MWS-000020642','SYS-35-PC','782BCB9CFCA8','India','Microsoft Windows NT 6.1.7601 Service Pack 1',0),('000020642','SYS-36-PC','782BCB9CFA9B','India','Microsoft Windows NT 6.1.7601 Service Pack 1',0),('MSW-000020556','MSECUREDATALABS','00016C569094','India','Microsoft Windows NT 5.1.2600 Service Pack 3',0),('mws000020605','fpumain','00:24:1d:a2:83:20','India','microsoft(r) windows(r) server 2003, standard edition',0),('mws-000020613','hrd9','78:92:9c:3e:dd:96','India','microsoft windows xp professional',0),('mws-000020553','bvsr8','40:61:86:c2:7f:77','India','5.1.2.0',0),('mws-000020579','user-pc','00:00:00:00:00:00','Ukraine','microsoft windows 7 ultimate',0),('mws-000020612','iic','00:27:0e:2c:47:80','India','microsoft windows xp professional',0),('MWS-000020599','AVSRV','0023AE86EB42','India','Microsoft Windows NT 5.1.2600 Service Pack 3',0),('mws-000020564','corp','00:1e:c9:5c:85:b2','India','microsoft windows xp professional',0),('MWS-000020605','FPUMAIN','00241DA28320','India','Microsoft Windows NT 5.2.3790 Service Pack 2',0),('mws-000020564','ipmsrv','00:1e:68:9b:51:56','India','microsoft® windows server® 2008 standard',0),('mws-000020615','iicss27','00:24:8c:e9:42:a1','India','microsoft windows xp professional',0),('mws-000020615','k','00:0b:db:01:dc:d8','India','microsoft windows xp professional',0),('mws-000020639','home-e534da75e2','00:1e:10:1f:34:ad','India','microsoft windows xp professional',0),('mws-000020592','sai','00:19:d1:9e:d6:c4','India','microsoft windows xp professional',0),('mws-000020615','iicss13','00:1f:d0:e3:64:4f','India','microsoft(r) windows(r) xp professional x64 edition',0),('mws-000020646','scitech-server2','00:13:21:fd:42:70','India','microsoft(r) windows(r) server 2003, standard edition',0),('MWS-000020642','SERVER','001558D392DF','India','Microsoft Windows NT 5.2.3790 Service Pack 2',0),('MWS-000020642','SYSTEM3','782BCB8A1582','India','Microsoft Windows NT 6.1.7601 Service Pack 1',0),('MWS-000020642','SYS21-PC','782BCB9D05BE','India','Microsoft Windows NT 6.1.7601 Service Pack 1',0),('MWS-000020642','SYSTEM7','782BCB9D05E9','India','Microsoft Windows NT 6.1.7601 Service Pack 1',0),('MWS-000020642','CLABSYS5','782BCB8A1B3F','India','Microsoft Windows NT 6.1.7600.0',0),('MWS-000020642','SYS24-PC','782BCB9D06C6','India','Microsoft Windows NT 6.1.7601 Service Pack 1',0),('MWS-000020642','SYS-28-PC','782BCB9CFEA1','India','Microsoft Windows NT 6.1.7601 Service Pack 1',0),('MWS-000020642','SYS-27-PC','782BCB9CFC7E','India','Microsoft Windows NT 6.1.7601 Service Pack 1',0),('MWS-000020642','SYSTEM9','14FEB5FC2E30','India','Microsoft Windows NT 6.1.7601 Service Pack 1',0),('MWS-000020642','SYSTEM15','782BCB8A16A1','India','Microsoft Windows NT 6.1.7600.0',0),('MWS-000020642','SYSTEM13','782BCB8A16E8','India','Microsoft Windows NT 6.1.7600.0',0),('MWS-000020642','SYS34-PC','782BCB8A1A2F','India','Microsoft Windows NT 6.1.7601 Service Pack 1',0),('MWS-000020642','SYS-36-PC','782BCB9CFA9B','India','Microsoft Windows NT 6.1.7601 Service Pack 1',0),('MWS-000020642','SYS-40-PC','782BCBA9786F','India','Microsoft Windows NT 6.1.7600.0',0),('MWS-000020642','SYS44','782BCB8CF369','India','Microsoft Windows NT 6.1.7600.0',0),('MWS-000020642','SYS43-PC','782BCB8CF2DE','India','Microsoft Windows NT 6.1.7600.0',0),('MWS-000020642','SYSTEM18','782BCB8A154C','India','Microsoft Windows NT 6.1.7600.0',0),('MWS-000020642','SYSTEM17','782BCB8A1728','India','Microsoft Windows NT 6.1.7600.0',0),('msw-000020598','comp3','00:1f:c6:d8:63:9d','India','microsoft windows xp professional',0),('MWS-000020642','SYSTEM20','782BCB8A1564','India','Microsoft Windows NT 6.1.7600.0',0),('MWS-000020642','SYSTEM14','782BCB8A11BC','India','Microsoft Windows NT 6.1.7600.0',0),('mws-000020618','pc1','00:19:db:72:8f:34','India','microsoft windows xp professional',0),('mws-000020588','sherlina','00:1e:ec:62:3a:e4','India','microsoft windows xp professional',0),('g_chantibabu-wz-ril','g_chantibabu','00:00:00:00:00:00','India','microsoft windows 7 professional',0),('mws_000020618','pns','18:f4:6a:b5:a9:fb','India','microsoft windows xp professional',0),('nagarjunareddy-wz-ril','nagarjunareddy','00:00:00:00:00:00','India','microsoft windows 7 professional',0),('nagarjunareddy-wz-ril','nagarjunareddy','00:00:00:00:00:00','','microsoft windows 7 professional',0),('mws_000020598','csst001','00:19:db:79:5b:81','India','microsoft windows xp professional',0),('ex_server-wz-ril','ex','00:1b:b9:88:c3:28','India','',0),('ex-wz-ril','ex','00:1b:b9:88:c3:28','India','',0),('mws-000020345','msecuredatalabs','00:01:6c:56:90:94','India','microsoft windows xp professional',0),('jigarshah-wz-ril','jigarshah','00:22:fa:f7:31:6b','India','microsoft windows 7 professional',0),('reception-wz-ril','reception','00:17:31:7e:9a:cc','India','microsoft windows xp professional',0),('hetal-wz-ril','hetalpandya','00:1d:7d:bd:24:c6','India','microsoft windows 7 professional',0),('shubhangi-wz-ril','shubhangijain','00:17:31:7e:a0:01','India','microsoft windows 7 professional',0),('financewzo1-wz-ril','finance_wzo','00:e0:4c:19:04:3d','India','microsoft windows xp professional',0),('srinivasa-wz-ril','finance_wzo_1','00:17:31:7e:9d:c7','India','microsoft windows 7 professional',0),('kamal-wz-ril','ril-wzo-005','00:0f:fe:02:c7:ee','India','microsoft windows xp professional',0),('nagarjunareddy-wz-ril','nagarjunareddy','70:f3:95:ca:4f:9e','India','microsoft windows 7 professional',0),('dhaval-wz-ril','dhavalpanchal','00:14:85:64:95:83','India','microsoft windows 7 professional',0),('deepak-wz-ril','deepakjha','00:17:31:7e:9a:dd','India','microsoft windows 7 professional',0),('krunal-wz-ril','krunalthaker','00:1d:92:ec:29:5b','India','microsoft windows 7 professional',0),('vandana-wz-ril','iso_wz','00:1c:c0:3b:22:91','India','microsoft windows 7 professional',0),('vashah-wz-ril','vashah-pc','00:17:31:7e:9a:16','India','microsoft windows xp professional',0),('vijay-wz-ril','vijayjain-pc','00:1b:b9:a3:b0:c4','India','microsoft windows 7 professional',0),('ashok-wz-ril','ashokpatel','00:0f:fe:01:68:ba','India','microsoft windows xp professional',0),('meena-wz-ril','meenavyas','00:17:31:7e:9a:a2','India','microsoft windows 7 professional',0),('bd-wz-ril','scanner','00:01:6c:89:41:5c','India','microsoft windows xp professional',0),('kaushal-wz-ril','kaushal','00:17:31:7e:99:6e','India','microsoft® windows vista™ business',0),('g_chantibabu-wz-ril','g_chantibabu','00:1b:b9:a3:9a:19','India','microsoft windows 7 professional',0),('mws-000020611','support','f0:4d:a2:a2:a1:be','India','microsoft windows 7 professional',0),('jigar-wz-ril','jigarshah','00:22:fa:f7:31:6b','India','microsoft windows 7 professional',0),('MWS-000020605','AMIR','0019DB7336DE','India','Microsoft Windows NT 5.1.2600 Service Pack 3',0),('msw-000020618','comp3','36:6f:9a:1e:cd:0f','India','microsoft windows xp professional',0),('MWS-000020599','IICACBK','002564FAE322','India','Microsoft Windows NT 6.1.7600.0',0),('mws-000020639','home-e534da75e2','00:1e:10:1f:db:29','India','microsoft windows xp professional',0),('mws-000020564','bujji','88:53:2e:09:fb:69','India','6.1.0.0',0),('mws-0000020618','pns','18:f4:6a:b5:a9:fb','India','microsoft windows xp professional',0),('MWS-000020594','SPA0407-125','0016766E3906','India','Microsoft Windows NT 5.1.2600 Service Pack 3',19),('MWS-000020655','OSI-L-JH0051','00023F3A178C','India','Microsoft Windows NT 5.1.2600 Service Pack 3',2),('mws-000020639','home-e534da75e2','00:1e:10:1f:87:2c','India','microsoft windows xp professional',0),('mws-000020611','support','00:09:0f:fe:00:01','India','microsoft windows 7 professional',0),('mws-000020639','sujitha-pc','68:a3:c4:9a:4e:8a','India','microsoft windows 7 home premium',0),('MWS-000020597','LAB6','001D92DCB741','India','Microsoft Windows NT 5.1.2600 Service Pack 2',118),('mws-000020553','bvsr-pc','12:24:2b:06:8e:fc','','6.1.0.0',0),('mws-000020618','ravivishnu','e8:9d:87:78:58:2a','India','microsoft windows 7 professional',0),('MWS-000020581','PC3','001C36CB6344','India','Microsoft Windows NT 5.1.2600 Service Pack 3',3),('raj','PC3','001C36CB6344','','Microsoft Windows NT 5.1.2600 Service Pack 3',0),('raj','PC3','001C36CB6344','','Microsoft Windows NT 5.1.2600 Service Pack 3',0),('MWS-000020605','SNRITD51','001FD0305ACA','India','Microsoft Windows NT 5.1.2600 Service Pack 3',0),('sivesh-wz-ril','planningwzo','00:01:6c:89:7f:cb','India','microsoft windows xp professional',0),('mws-000020573','system32','00:1b:b9:99:26:39','India','microsoft windows 7 enterprise',0),('mws-000020613','iicg7','70:71:bc:a7:3b:ed','India','microsoft windows xp professional',0),('mws-000020613','abc-a510761cb31','00:27:0e:00:d7:8f','','microsoft windows xp professional',0),('mws-000020640','jagannadhamn','00:ff:b5:df:cd:b8','','microsoft windows xp professional',0),('MWS-000020624','BVSR11','406186CC94BB','','Microsoft Windows NT 5.1.2600 Service Pack 3',0),('MWS-000020624','BVSR11','406186CC94BB','','Microsoft Windows NT 5.1.2600 Service Pack 3',0),('MWS-000020659','ERPSERVER1','00101833DE3B','','Microsoft Windows NT 5.2.3790 Service Pack 1',6),('mws-000020611','iicexhcm','02:1b:21:44:aa:4c','India','microsoft windows server 2008 r2 enterprise',0),('MWS-000020599','CORPS','0015178A1110','India','Microsoft Windows NT 6.1.7600.0',438),('MWS-000020599','CORPS','0015178A1110','','Microsoft Windows NT 6.1.7600.0',438),('mws-000020640','ypuwpd50','00:02:e3:55:ca:72','','',0),('MWS-000020643','BITSECURELABS','001C25744E82','India','Microsoft Windows NT 6.1.7600.0',0),('mws-000020553','bvsr11','40:61:86:cc:94:bb','India','5.1.3.0',0),('MWS-000020605','ITIGL1','0000D4241869','India','Microsoft Windows NT 5.1.2600 Service Pack 3',74),('wmc-000020618','csagm','00:40:d0:c2:2a:bc','India','microsoft windows xp professional',0),('MWS-000020660','TECHVALY','001CC0134A7D','India','Microsoft Windows NT 5.2.3790 Service Pack 2',13),('mws-000020665','sairam','44:87:fc:87:d7:49','India','microsoft windows xp professional',0),('MWS-000020605','FPUIT1','6C626D58ABF6','','Microsoft Windows NT 5.1.2600 Service Pack 3',36),('MWS-000020601','AUBLRFILESERVER','0024E8343E20','India','Microsoft Windows NT 6.0.6002 Service Pack 2',16),('MWS-000020605','MDKITD27','0048548B0841','India','Microsoft Windows NT 5.1.2600 Service Pack 2',38),('mws-000020649','sarbesh-pc','00:00:00:00:00:00','India','microsoft® windows vista™ home basic',0),('MWS-000020660','RAMAKRISHNAB','6CF049C95CBB','India','Microsoft Windows NT 5.1.2600 Service Pack 3',1),('mws-000020640','snrinwa','00:ff:65:ea:00:05','India','microsoft windows xp professional',0),('mws-000020646','scitech-server','00:0e:7f:ff:46:90','India','microsoft(r) windows(r) server 2003, standard edition',0),('mws-000020658','arnabbose-ril','e4:11:5b:f7:fa:fc','India','microsoft windows 7 professional',0),('msw-000020618','comp3','46:15:61:d1:28:14','India','microsoft windows xp professional',0),('msw-000020618','comp3','2e:e3:04:09:15:1d','India','microsoft windows xp professional',0),('raj','corps','00:15:17:8a:11:11','India','microsoft windows server 2008 r2 standard',0),('MWS-000020593','SRI-RIL-ADC-001','0014384EE664','India','Microsoft Windows NT 6.1.7601 Service Pack 1',363),('mws-000020618','sur-e4aa6cb262e','00:11:5b:f4:44:d6','India','microsoft windows xp professional',0),('mws-000020613','sys05','00:27:0e:1a:bc:61','India','microsoft windows xp professional',0),('mws-000020639','home-e534da75e2','00:1e:10:1f:24:f1','Reserved','microsoft windows xp professional',0),('MWS-000020624','BVSR27','406186E4DD16','India','Microsoft Windows NT 5.1.2600 Service Pack 3',24),('mws-000020639','home-e534da75e2','00:1e:10:1f:a7:5c','Reserved','microsoft windows xp professional',0),('mws-000020639','home-e534da75e2','00:1e:10:1f:fb:86','Reserved','microsoft windows xp professional',0),('mws-000020639','home-e534da75e2','00:1e:10:1f:64:8e','Reserved','microsoft windows xp professional',0),('MWS-000020605','MSITYPU','0016766A1A4A','India','Microsoft Windows NT 5.1.2600 Service Pack 3',14),('mws-000020639','home-e534da75e2','00:1e:10:1f:e5:e5','Reserved','microsoft windows xp professional',0),('mws-000020640','ypuamit','40:61:86:ea:9d:40','India','microsoft windows xp professional',0),('mws-000020640','jvnew','d0:df:9a:5b:93:de','India','microsoft windows xp professional',0),('mws/000020532','biplab','00:60:73:e1:9a:6b','India','microsoft windows xp professional',0),('mws-000020564','bujji','88:53:2e:09:fb:6a','India','6.1.0.0',0),('mws-000020640','saobkp','00:11:85:af:22:c5','India','microsoft(r) windows(r) server 2003, standard edition',0),('venkatsai','jng-service','00:1c:c0:d8:78:42','India','microsoft windows xp professional',0),('MWS-000020355','PDL_SPARES','00270E31669E','India','Microsoft Windows NT 5.1.2600 Service Pack 3',0),('mws-000020640','snritd51','00:1f:d0:30:5a:ca','India','microsoft windows xp professional',0),('mws-000020611','iic150','9c:b7:0d:00:1b:b4','India','microsoft windows 7 professional',0),('MWS-000020643','PC3','001C36CB6344','India','Microsoft Windows NT 5.1.2600 Service Pack 3',5),('mw-s000020658','accounts','70:f1:a1:84:20:86','Gabon','microsoft windows 7 home basic',0),('MWS-000020355','CASH-COUNTER','001CC0F03599','India','Microsoft Windows NT 5.1.2600 Service Pack 3',0),('admin','korstore23','00:60:73:55:d5:5b','India','microsoft windows xp professional',0),('admin','korstore23','44:87:fc:40:b3:42','India','microsoft windows xp professional',0),('admin','korstore5','44:87:fc:c7:26:b8','India','microsoft windows xp professional',0),('MWS-000020355','HUZ-SPARES','00E04C4D09DD','India','Microsoft Windows NT 5.1.2600 Service Pack 3',0),('mws-000020612','dgps','00:27:0e:1a:3a:f4','India','microsoft windows xp professional',0),('mws-000020532','my-fd06051ffd2a','00:0f:b0:a0:28:fc','India','5.1.2.0',0),('MWS-000020605','SAOBKP','001185AF22C5','India','Microsoft Windows NT 5.2.3790 Service Pack 2',3),('mws-000020613','sys08','00:27:0e:34:68:ec','India','microsoft windows xp professional',0),('mws-000020613','sys17','00:27:0e:2b:b8:f5','India','microsoft windows xp professional',0),('mws-000020613','sys07','70:71:bc:0c:f4:eb','India','microsoft windows xp professional',0),('mws-000020613','sys18','70:71:bc:0c:f4:e0','India','microsoft windows xp professional',0),('mws-000020613','sys12','00:27:0e:19:74:25','India','microsoft windows xp professional',0),('mws-000020613','sys22','70:71:bc:8f:98:12','India','microsoft windows xp professional',0),('mws-000020613','sys10','00:1c:c0:f3:33:b1','India','microsoft windows xp professional',0),('mws-000020613','sys20','00:27:0e:35:51:12','India','microsoft windows xp professional',0),('mws-000020613','sys06','00:1c:c0:f2:fe:78','India','microsoft windows xp professional',0),('MWS-000020355','HSB-SPARES','00270E316657','India','Microsoft Windows NT 5.1.2600 Service Pack 2',0),('mws-000020615','iic15','00:1d:d9:df:97:f8','India','microsoft windows xp professional',0),('purchase-wz-ril','kevalpatel-wz','00:1b:b9:a3:99:fb','India','microsoft windows 7 professional',0),('mws-000020611','hrd9','e8:11:32:7d:70:d0','India','microsoft windows xp professional',0),('mws-000020658','ramamohan-ril','e4:11:5b:f7:f9:1e','Gabon','microsoft windows 7 professional',0),('MWS-000020605','HYDIT','6C626DA0E2D7','India','Microsoft Windows NT 5.1.2600 Service Pack 3',61),('MWS-000020355','IT-ADMIN-PC','001CC03DA494','India','Microsoft Windows NT 6.1.7600.0',0),('mws-000020640','ypudgmlpt','00:15:60:b8:1a:b2','India','microsoft windows xp professional',0),('mws-000020613','ps3','00:e0:4c:19:d1:9b','India','microsoft windows xp professional',0),('mws-000020611','iic200','18:03:73:71:23:d2','India','microsoft windows 7 professional',0),('mws-000020618','bobby-pc','1c:6f:65:b5:48:32','India','',0),('mws-000020640','gilsap','00:e0:20:86:21:bb','India','microsoft(r) windows(r) server 2003, enterprise edition',0),('mws-000020618','magic','00:19:db:72:8f:7f','India','microsoft windows xp professional',0),('mws-000020532','kotaiah','00:60:73:35:6a:73','India','microsoft windows xp professional',0),('mws-000020658','pradeepreddy-ri','e4:11:5b:f7:fa:a9','Gabon','microsoft windows 7 professional',0),('mws-000020613','system3','e0:69:95:02:86:0d','India','microsoft windows xp professional',0),('mws-000020613','sys13','00:27:0e:2b:b9:e3','India','microsoft windows xp professional',0),('MWS-000020355','MNC-SPARES','0013D41D926A','India','Microsoft Windows NT 5.1.2600 Service Pack 2',0),('mws-000020613','sys18','00:27:0e:31:ed:59','India','microsoft windows xp professional',0),('mws-000020658','govindasamy-ril','e4:11:5b:f9:fc:0d','Gabon','microsoft windows 7 professional',0),('MWS-000020581','USER-PC','','Ukraine','Microsoft Windows NT 6.1.7600.0',1002),('vamshi','huz-spares','00:e0:4c:4d:09:dd','India','microsoft windows xp professional',0),('mws-000020665','saikiran-pc','00:19:d1:6b:44:99','India','microsoft windows 7 ultimate',0),('mws-000020611','iic18','08:11:96:fa:50:1c','India','microsoft windows 7 professional',0),('MWS-000020355','SALES-CO','0011D81F36FD','India','Microsoft Windows NT 5.1.2600 Service Pack 3',0),('mws-000020639','home-e534da75e2','00:1e:10:1f:2a:27','Reserved','microsoft windows xp professional',0),('mws-000020669','ramprasadhappy','00:1c:c0:7c:17:5c','India','microsoft windows 7 ultimate',0),('mahesh','mahesh','00:60:73:bb:ba:6f','India','microsoft windows xp professional',0),('MWS-000020355','WARRANTY-PC','00E01C3C3726','India','Microsoft Windows NT 5.1.2600 Service Pack 3',0),('mws-000020661','lenovo-pc','6e:a3:c4:3d:d6:2b','India','microsoft windows 7 professional',0),('mws-000020640','gilsap','00:19:db:72:94:5b','India','microsoft(r) windows(r) server 2003, enterprise edition',0),('jaimini-wz-ril','jaiminijain','00:1d:7d:be:ec:cd','India','microsoft windows xp professional',0),('mws-000020618','ravivishnu-co','00:1b:fc:07:bb:6f','India','microsoft windows xp professional',0),('mahesh','mahesh','00:14:85:ac:c1:a3','India','microsoft windows xp professional',0),('mws-000020661','lenovo-pc','00:00:00:00:00:00','India','microsoft windows 7 professional',0),('MWS-000020595','GNARENDER','006073E49568','India','Microsoft Windows NT 5.1.2600 Service Pack 3',0),('MWS-000020595','VINOD','006073E53358','India','Microsoft Windows NT 5.1.2600 Service Pack 2',2),('MWS-000020643','MSECUREDATALABS','00016C569094','India','Microsoft Windows NT 5.1.2600 Service Pack 3',0),('MWS-000020631','MSECUREDATALABS','00016C569094','India','Microsoft Windows NT 5.1.2600 Service Pack 3',0),('raj','msecuredatalabs','00:01:6c:56:90:94','India','microsoft windows xp professional',0),('mws-000020619','msecuredatalabs','00:01:6c:56:90:94','India','microsoft windows xp professional',0),('mws-000020662','hdc-grp-msp-001','d4:85:64:5c:f5:48','India','microsoft windows server 2008 r2 standard',0),('mws-000020532','acc-4e92639ad2a','c8:9c:dc:3d:c4:20','India','microsoft windows xp professional',0),('mws-000020658','ramky-pc','00:00:00:00:00:00','Gabon','microsoft windows 7 professional',0),('mws-000020665','devi-844f7d03eb','00:1a:4d:f5:03:17','India','microsoft windows xp professional',0),('MWS-000020677','USER-PC','','Cyprus','Microsoft Windows NT 6.1.7600.0',0),('MWS-000020659','MAINTENA-4A89D9','00251110F855','India','Microsoft Windows NT 5.1.2600 Service Pack 2',0),('mws-000020613','sys02','70:71:bc:0c:f4:fa','India','microsoft windows xp professional',0),('mws-000020532','srao','00:23:ae:16:78:99','India','microsoft windows xp professional',0),('MWS-000020605','WEBSERVER','00145E4672D0','India','Microsoft Windows NT 5.2.3790 Service Pack 2',91),('42fb4cf8','biplab','00:14:2a:cf:0a:1e','India','microsoft windows xp professional',0),('mws-000020612','iic22','00:27:0e:00:d7:5e','India','microsoft windows xp professional',0),('mws-000020658','ramky-pc','e0:2a:82:dc:f2:c0','Gabon','microsoft windows 7 professional',0),('mws-000020532','rajeshkhanna','00:15:58:e3:c2:e4','India','microsoft windows xp professional',0),('MWS-000020355','MLG-COMMERCIAL','001CC0F03597','India','Microsoft Windows NT 5.1.2600 Service Pack 3',0),('mws-000020620','wrg-spares','00:0f:fe:1a:e8:7d','India','microsoft windows xp professional',0),('MWS-000020569','ADMIN-PC','782BCB9CF985','India','Microsoft Windows NT 6.1.7601 Service Pack 1',0),('mws-000020640','jagannadhamn','00:13:02:b4:9b:4e','India','microsoft windows xp professional',0),('mws-000020532','korbaamd','c8:9c:dc:36:06:9e','India','microsoft windows xp professional',0),('sunil-wz-ril','hr_admin','00:14:85:67:4c:08','India','microsoft windows xp professional',0),('mws-000020650','divyareddy','74:de:2b:10:dd:8e','India','microsoft windows 7 professional',0),('MWS-000020355','WRG-SPARES','3860777CA89C','India','Microsoft Windows NT 5.1.2600 Service Pack 3',0),('MWS-000020593','HDC-GRP-AVS-001','D485645BAC60','India','Microsoft Windows NT 6.1.7601 Service Pack 1',108),('mws-000020644','ramesh','00:0b:6a:28:a4:86','India','microsoft windows xp professional',0),('MWS-000020355','NSP-TM','00270E05D63C','India','Microsoft Windows NT 5.1.2600 Service Pack 2',0),('wri-ril-adc_001-wz-ril','wri-ril-adc-001','00:15:17:5e:e9:24','India','microsoft® windows server® 2008 standard',0),('mws-000020662','hdc-grp-avs-001','d4:85:64:5b:ac:60','India','microsoft windows server 2008 r2 standard',0),('MWS-000020355','DMS-PC','0015586A96E4','India','Microsoft Windows NT 5.1.2600 Service Pack 3',0),('ramkypc','himsw','','India','microsoft windows 7 professional',0),('mws-000020532','kotaiah','00:1c:bf:1d:48:4a','India','microsoft windows xp professional',0),('kashyap-wz-ril','kashyap','00:1d:7d:bd:1d:6e','India','microsoft windows 7 professional',0),('mws-000020618','csstech-pc','e0:2a:82:cf:d3:9b','India','microsoft windows 7 professional',0),('raj','sherlina','00:1e:ec:62:3a:e4','India','microsoft windows xp professional',0),('mws-000020612','iiclap2','00:26:b9:1a:1e:bf','India','microsoft windows xp professional',0),('mws_00020598','indira','00:1f:c6:d8:5d:1e','India','microsoft windows xp professional',0),('mws-000020532','korstore23','00:1e:10:1f:b6:d9','India','microsoft windows xp professional',0),('MWS-000020601','AUBLRBBSRV','000802A3970D','India','Microsoft Windows NT 5.2.3790 Service Pack 2',25),('mws-000020532','planning2','00:1e:10:1f:c2:e8','Reserved','microsoft windows xp professional',0),('mws-000020662','hdc-grp-adc-001','d4:85:64:5b:99:88','India','microsoft windows server 2008 r2 standard',0),('mws-000020662','hdc-grp-wbg-001','3c:4a:92:de:8b:b8','India','microsoft windows server 2008 r2 standard',0),('mws-000020611','iicacbk','00:25:64:fa:e3:22','India','microsoft windows server 2008 r2 standard',0),('mws-000020662','hdc-grp-com-001','d4:85:64:58:de:58','India','microsoft windows server 2008 r2 standard',0),('mws-000020658','ramky-pc','74:de:2b:ae:86:a5','Gabon','microsoft windows 7 ultimate',0),('mws-000020658','ramamohan-ril','16:de:2b:a7:f3:87','Gabon','microsoft windows 7 professional',0),('mws-000020658','pradeepreddy-ri','16:de:2b:ae:86:a4','Gabon','microsoft windows 7 professional',0),('mws-000020658','arnabbose-ril','16:de:2b:ae:88:c2','Gabon','microsoft windows 7 professional',0),('mws-000020613','sab13','00:27:0e:35:51:09','India','microsoft windows xp professional',0),('ketan-wz-ril','ketanrathod','00:1e:10:1f:82:a0','India','microsoft windows 7 professional',0),('mws-000020678','your-0a700f0aaf','00:15:af:cb:d0:e7','India','microsoft windows xp home edition',0),('MWS-000020631','COMPUTER-22BC04','002511C761DC','India','Microsoft Windows NT 5.1.2600 Service Pack 3',0),('mws-000020611','corp','00:11:25:42:97:94','India','microsoft windows xp professional',0),('MWS-000020631','ADDAROAD','001CC04AFAB5','India','Microsoft Windows NT 5.1.2600 Service Pack 2',0),('MWS-000020631','MV_KUMAR','00232416A6F2','India','Microsoft Windows NT 5.1.2600 Service Pack 2',1),('mws_00020598','indira','00:1f:c6:d8:5d:21','India','microsoft windows xp professional',0),('MWS-000020631','DAIRYSOFT','001BB88553E5','India','Microsoft Windows NT 5.1.2600 Service Pack 3, v.3264',0),('mws-000020640','ysreddy','00:1d:e0:74:ad:db','India','microsoft windows xp professional',0),('MWS-000020355','WRGSM-PC','642737D072DF','India','Microsoft Windows NT 6.1.7600.0',0),('MWS-000020355','KRMSM-PC','642737D09CE1','India','Microsoft Windows NT 6.1.7600.0',0),('mws-000020658','anbarasan-ril','74:de:2b:ae:f6:3c','Gabon','microsoft windows 7 professional',0),('mws-000020649','sarbesh-pc','00:24:d6:14:4a:32','India','microsoft® windows vista™ home basic',0),('prasad.baladeep@gmail.com','store','6c:62:6d:4a:0e:93','India','microsoft windows xp professional',0),('se','sharmasanjaykum','00:26:22:73:16:62','India','microsoft windows 7 ultimate',0),('mws-000020646','spa0407-116','00:19:db:56:fb:83','India','microsoft windows xp professional',0),('MWS-000020631','TKPUDI','002268753148','India','Microsoft Windows NT 5.1.2600 Service Pack 3',0),('MWS-000020631','SRAVAN','00FF636E1A3A','India','Microsoft Windows NT 5.1.2600 Service Pack 3',7),('mws-000020666','hoitlt','74:de:2b:9e:c7:f8','India','microsoft windows 7 professional',0),('mws-000020658','shaiksattar-pc','70:f1:a1:b1:17:70','Gabon','microsoft windows 7 professional',0),('mws-000020662','hdc-grp-bes-001','d4:85:64:5b:1c:b0','India','microsoft windows server 2008 r2 standard',0),('mws-000020613','ps1','70:71:bc:a7:3e:24','India','microsoft windows xp professional',0),('ipl','amd','00:60:73:c3:e9:04','India','microsoft windows xp professional',0),('mws-000020648','job258kl4','00:00:00:00:00:00','India','microsoft windows 7 professional',0),('mws-000020618','jagdeep','1e:0e:48:9a:d7:e5','India','microsoft windows xp professional',0),('MWS-000020631','HRPAYROLL','005056BF0020','India','Microsoft Windows NT 6.1.7600.0',57),('mws-000020618','jagdeep','e6:99:b8:24:c7:91','India','microsoft windows xp professional',0),('mws-000020618','jagdeep','66:7c:e9:8f:0f:eb','India','microsoft windows xp professional',0),('mws-000020620','wh-muninder','00:27:0e:05:69:4b','India','microsoft windows 7 ultimate',0),('mws-000020618','jagdeep','3a:91:ea:9f:7e:6a','India','microsoft windows xp professional',0),('mws-000020532','raviit','c8:9c:dc:39:ce:11','India','microsoft windows xp professional',0),('mws-000020668','appb','00:0d:60:17:ed:8b','India','microsoft(r) windows(r) server 2003, standard edition',0),('mws-000020618','jagdeep','4a:85:eb:21:61:08','India','microsoft windows xp professional',0),('mws-000020618','jagdeep','de:50:7d:bc:6b:ba','India','microsoft windows xp professional',0),('MWS-000020355','MUNINDER','00270E05694B','India','Microsoft Windows NT 5.1.2600 Service Pack 3',0),('MWS-000020631','JEDCHERLLA1','00226860734C','India','Microsoft Windows NT 5.1.2600 Service Pack 2',0),('mws-000020618','jagdeep','2a:5b:af:db:43:5b','India','microsoft windows xp professional',0),('mws-000020532','sudhakarr','00:15:58:e3:c2:a1','India','microsoft windows xp professional',0),('mws-000020532','subrahmanyamv','f0:7b:cb:7f:f5:29','India','microsoft windows 7 professional',0),('ramky','naresh','6c:62:6d:b0:59:94','India','microsoft windows xp professional',0),('mws-000020532','korstore5','00:1e:10:1f:8e:89','India','microsoft windows xp professional',0),('mws-000020640','aniljain','00:1b:38:8e:a4:4f','India','microsoft windows xp professional',0),('mws-000020611','support','58:94:6b:5c:ab:c1','India','microsoft windows 7 professional',0),('mws-000020532','korstore23','00:1e:10:1f:88:1b','India','microsoft windows xp professional',0),('mws-000020612','iic','00:22:19:ef:d7:63','India','microsoft windows xp professional',0),('raj','MSECUREDATALABS','00016C569094','India','Microsoft Windows NT 5.1.2600 Service Pack 3',0),('scitech','SPA0407-068','0011119FFD50','India','Microsoft Windows NT 5.1.2600 Service Pack 3',0),('MWS-000020681','BITSECURELABS','001C25744E82','India','Microsoft Windows NT 6.1.7600.0',0),('mws-000020532','azharuddin','f0:7b:cb:7f:f5:11','India','microsoft windows 7 professional',0),('iptables','supportv2','00:1e:c9:5c:7d:4f','India','microsoft windows xp professional',0),('mws-000020532','korstore1','00:1e:10:1f:91:cd','India','microsoft windows xp professional',0),('MWS-000020355','MBB-SERVICE','00270E018C25','India','Microsoft Windows NT 5.1.2600 Service Pack 3',0),('mws-000020532','pc-25457590ba41','00:60:73:e6:7e:dc','India','microsoft windows xp professional',0),('mws-000020532','amru','00:60:73:e3:49:92','India','microsoft windows xp professional',0),('mws-000020532','korstore5','00:1e:10:1f:db:2b','India','microsoft windows xp professional',0),('mws-000020532','korstore5','00:1e:10:1f:44:cd','India','microsoft windows xp professional',0),('mws-000020690','bimbadhar','00:1e:10:1f:db:2e','Reserved','microsoft windows xp professional',0),('mws-000020690','bimba','00:1e:10:1f:6c:46','India','microsoft windows xp professional',0),('mws-000020658','govindasamy-ril','16:de:2b:ae:8b:7c','Gabon','microsoft windows 7 professional',0),('MWS-000020637','BITSECURESERVER','3860772A20B5','India','Microsoft Windows NT 6.1.7601 Service Pack 1',62),('mws-000020532','pc-8405f5487d42','00:e3:74:27:2b:fb','India','microsoft windows xp professional',0),('csst','cantt','00:e0:4c:00:30:15','India','microsoft windows xp professional',0),('mws-00020640','bhaskar','00:ff:c8:1c:e4:36','India','microsoft windows xp professional',0),('ipl','amd','00:21:85:60:60:a3','India','microsoft windows xp professional',0),('pavan','mohan','00:16:d3:ec:bf:56','India','microsoft windows xp professional',0),('MWS-000020355','AUDIT-PC','00270E07A574','India','Microsoft Windows NT 6.1.7600.0',0),('mws-000020640','vikas','1c:c1:de:b7:64:c2','India','microsoft windows xp professional',0),('mws-000020532','balajikiran','c4:46:19:80:a0:0d','India','microsoft windows 7 professional',0),('mws-000020620','pc4','00:1b:fc:96:52:0f','India','microsoft(r) windows(r) xp professional x64 edition',0),('mws-000020640','ajmerank','00:1f:3c:df:4d:f3','India','microsoft windows xp professional',0),('mws-000020620','venkatsa-722d16','00:ff:d4:c8:ce:19','India','microsoft windows xp professional',0),('mws-000020612','iic','00:24:2c:b6:d4:99','India','microsoft windows xp professional',0),('mws-000020532','dhavalscm','00:60:73:e0:19:fb','India','microsoft windows xp professional',0),('mws-000020612','iic','00:53:45:00:00:00','India','microsoft windows xp professional',0),('MWS-000020355','ACC-PRASHANTH','001CC0875D70','India','Microsoft Windows NT 5.1.2600 Service Pack 2',0),('scitech','varsha-vaio','f0:bf:97:1c:de:4d','India','microsoft windows 7 home premium',0),('mws-00020631','guntur','00:0c:f1:c8:f9:8a','India','microsoft windows xp professional',0),('mws-000020658','venugopalreddy','70:f1:a1:46:13:e7','Gabon','microsoft windows 7 Édition intégrale',0),('mws000020667','appcbnzb-5b1d8f','00:21:5a:be:4e:6a','India','microsoft windows xp professional',0),('mws-000020532','kavitha','00:60:73:ef:a1:14','India','microsoft windows xp professional',0),('MWS-000020629','EDPBACKUP','001E2A45D9D2','India','Microsoft Windows NT 5.1.2600 Service Pack 3',56),('MWS-000020355','INSTALLATION-PC','3860775AA955','India','Microsoft Windows NT 6.1.7600.0',0),('mws-000020532','korstore5','00:1e:10:1f:d4:b7','India','microsoft windows xp professional',0),('MWS-000020631','SHAIKPET','00251147553F','India','Microsoft Windows NT 5.1.2600 Service Pack 3',0),('mws-000020618','jagdeep','f2:0d:7b:e1:28:ae','India','microsoft windows xp professional',0),('MWS-000020631','COMPUTER-9B5278','00173102CA26','India','Microsoft Windows NT 5.1.2600 Service Pack 3',0),('mws-000020618','harini-pc','00:1d:ba:f7:38:d9','India','microsoft windows 7 ultimate',0),('mws-000020679','raomk','00:01:6c:9c:f8:be','India','6.0.0.0',0),('msw-000020618','comp3','00:1f:c6:d8:63:9d','India','microsoft windows xp professional',0),('mws-000020532','kavitha','00:60:73:e0:c1:19','India','microsoft windows xp professional',0),('mws-000020532','sanjay-vaio','00:27:10:6b:e4:98','India','microsoft windows 7 professional',0),('mws-000020640','ajmerank','00:ff:36:ba:08:c8','India','microsoft windows xp professional',0),('MWS-000020664','IICVASSRV','0026B9303237','India','Microsoft Windows NT 6.0.6001 Service Pack 1',73),('MWS-000020355','DRM-SPARES','00270E31669A','India','Microsoft Windows NT 5.1.2600 Service Pack 3',0),('csst','cantt','00:40:6e:12:36:76','India','microsoft windows xp professional',0),('MWS-000020355','SUPERVISOR','001CC03E7F82','India','Microsoft Windows NT 5.1.2600 Service Pack 3',0),('mws-000020674','home-8cb903dfe2','00:16:76:33:9e:ed','India','microsoft windows xp professional',0),('prasad.baladeep@gmail.com','storess','40:61:86:f4:9f:ad','India','microsoft windows xp professional',0),('mws-000020532','ashok','00:60:73:ec:dd:b0','India','microsoft windows xp professional',0),('MWS-000020629','EDPBACKUP','001E2ABE952E','India','Microsoft Windows NT 5.1.2600 Service Pack 3',57),('mws-000020690','cio-cie','00:24:8c:af:73:e4','India','microsoft windows 7 enterprise',0),('MWS-000020631','SREE','0040056F7B02','India','Microsoft Windows NT 5.1.2600 Service Pack 2',1),('MWS-000020631','JERSEY-93','0013D471CCB4','India','Microsoft Windows NT 5.1.2600 Service Pack 2',1),('MWS-000020631','ELURU','90FBA6338426','India','Microsoft Windows NT 5.1.2600 Service Pack 2',1),('mws-000020690','bimba','00:1e:10:1f:c2:e8','India','microsoft windows xp professional',0),('MWS-000020355','ELEARNING','386077720655','India','Microsoft Windows NT 5.1.2600 Service Pack 3',0),('mws-000020662','hdc-grp-vts-001','00:50:56:a1:0c:97','India','microsoft windows server 2008 r2 standard',0),('mws-000020666','glorious22','00:1c:c0:b7:b6:43','India','microsoft windows xp professional',0),('mws-000020649','clabsys7','78:2b:cb:8a:17:57','India','microsoft windows 7 enterprise',0),('mws-000020592','sandhyabandaru','00:1e:90:b1:64:45','India','microsoft windows xp professional',0),('1','damodar','00:16:76:92:6d:c7','India','microsoft windows xp professional',0),('ramkypc','himsw','16:de:2b:a8:3e:82','India','microsoft windows 7 professional',0),('mws-000020618','om-55b8698a1e22','3a:b7:35:82:59:f7','India','microsoft windows xp professional',0),('mws-000020532','suman','00:1e:90:ba:47:e9','India','microsoft windows xp professional',0),('mws-000020532','korstore1','00:1e:10:1f:64:7d','India','microsoft windows xp professional',0),('mws-000020618','jagdeep','8e:93:ba:f6:7f:98','India','microsoft windows xp professional',0),('mws-000020618','om-55b8698a1e22','26:ad:4e:9d:f0:23','India','microsoft windows xp professional',0),('mws-000020532','korstore1','00:1e:10:1f:04:3d','India','microsoft windows xp professional',0),('MWS-000020355','VSE-VFS','001CC0317C16','India','Microsoft Windows NT 5.1.2600 Service Pack 3',0),('mws-000020532','magesh','00:60:73:e8:9c:eb','India','microsoft windows xp professional',0),('MWS-000020631','SRIKAKULAM','0019DBE0D995','India','Microsoft Windows NT 5.1.2600 Service Pack 3',0),('MWS-000020631','COMPUTER-DAF644','E0CB4E958238','India','Microsoft Windows NT 5.1.2600 Service Pack 3',0),('mws-000020645','rs-39f822b3de09','00:18:02:94:5f:92','India','microsoft windows xp professional',0),('scitech','spa0407-091','00:0f:fe:34:b1:44','India','microsoft windows xp professional',0),('mws-000020618','jagdeep','22:b0:3b:0d:c1:3b','India','microsoft windows xp professional',0),('mws-000020662','hdc-grp-sps-001','3c:4a:92:de:65:e0','India','microsoft windows server 2008 r2 standard',0),('mohan kovi','mohan','00:16:d3:ec:bf:56','India','microsoft windows xp professional',0),('mws-000020620','basith-pc','24:b6:fd:2d:b3:6c','India','microsoft windows xp professional',0),('MWS-000020631','SHAIKPET','00FFED1B0465','India','Microsoft Windows NT 5.1.2600 Service Pack 3',0),('mws-000020611','sicom100','00:27:13:af:c4:7a','India','microsoft windows 7 professional',0),('mws-000020611','iic10','7c:e9:d3:0e:7f:76','India','microsoft windows 7 professional',0),('mws-000020618','om-55b8698a1e22','ea:f7:16:f0:7a:26','India','microsoft windows xp professional',0),('MWS-000020355','QUOTATION-PC','000FFE1AE87D','India','Microsoft Windows NT 6.1.7600.0',0),('mws-000020613','dp3','70:71:bc:9a:15:7f','India','microsoft windows xp professional',0),('MWS-000020355','SRC-ACC','00270E31EFB1','India','Microsoft Windows NT 5.1.2600 Service Pack 3',0),('mws-000020662','hdc-grp-vts-001','00:ff:83:ab:8c:1e','India','microsoft windows server 2008 r2 standard',0),('mws-000020662','hdc-grp-vts-001','00:50:56:a1:5b:df','India','microsoft windows server 2008 r2 standard',0),('mws-000020618','master-pc','00:19:d1:10:3f:0f','India','microsoft windows 7 home premium',0),('mws-000020666','glorius','44:1e:a1:d7:1a:3b','India','microsoft windows 7 home basic',0),('mws-000020613','dp2','00:27:0e:2c:47:7b','India','microsoft windows xp professional',0),('mws-000020532','msraoo','00:01:6c:95:d4:f0','India','microsoft windows xp professional',0),('MWS-000020631','ACCOUNT','00232416BF88','India','Microsoft Windows NT 5.1.2600 Service Pack 3',0),('mws-000020618','om-55b8698a1e22','4a:9e:a4:e3:37:68','India','microsoft windows xp professional',0),('msw-000020665','pc2','00:1b:b9:98:8d:92','India','microsoft windows 7 ultimate n',0),('mws-000020613','pre4','70:71:bc:a7:3e:04','India','microsoft windows xp professional',0),('mws-000020532','nisheet','c0:cb:38:8d:b1:05','India','microsoft windows 7 professional',0),('mws000020532','arashad','00:16:ea:5f:1b:d4','India','microsoft® windows vista™ business',0),('mws-000020613','iic1-','00:1c:c0:fc:f6:25','India','microsoft windows xp professional',0),('mws-000020532','che-planning1','00:1e:10:1f:87:1a','India','microsoft windows xp professional',0),('MWS-000020355','CRM-1','00270E05D652','India','Microsoft Windows NT 5.1.2600 Service Pack 3',0),('mws-000020690','bimba','00:1e:10:1f:c3:e9','Reserved','microsoft windows xp professional',0),('mws-000020645','ram-pc','00:22:5f:7d:c9:60','India','microsoft windows 7 professional',0),('mws-000020532','korstore5','00:1e:10:1f:24:63','','microsoft windows xp professional',0),('MWS-000020355','ACC-SPARE','3860775AABDD','','Microsoft Windows NT 5.1.2600 Service Pack 3',0),('mws-000020618','jagdeep','00:1f:c6:d8:64:b4','','microsoft windows xp professional',0),('mws-000020690','bimba','00:1e:10:1f:1c:c3','','microsoft windows xp professional',0),('mws00020532','store4','00:60:73:e2:8b:72','','microsoft windows xp professional',0),('mws-000020666','glorious11','5c:d9:98:be:e3:00','India','microsoft windows xp professional',0),('vsejng','jng-service','00:1c:c0:d8:78:42','India','microsoft windows xp professional',0),('ajijayaraj-wz-ril','ajijayaraj-ril-','00:00:00:00:00:00','India','microsoft windows 7 professional',0),('mws-000020532','korstore5','00:1e:10:1f:fb:c0','India','microsoft windows xp professional',0),('mws-000020532','gopalreddy','00:60:73:56:75:59','Japan','microsoft windows xp professional',0),('mohankrovi','mohan','00:1e:10:1f:03:4e','Reserved','microsoft windows xp professional',0),('mws-000020690','bimba','00:1e:10:1f:24:f1','Reserved','microsoft windows xp professional',0),('mws-000020532','korstore23','00:60:73:55:d5:5b','India','microsoft windows xp professional',0),('mws-000020692','raomk','00:01:6c:9c:f8:be','India','6.0.0.0',0),('MWS-000020355','TRAINING-PC','207C8F31B10E','India','Microsoft Windows NT 6.1.7600.0',0),('mws-000020532','korstore5','00:1e:10:1f:b3:c2','India','microsoft windows xp professional',0),('mws-000020618','comp1','00:19:db:72:8f:38','India','microsoft windows xp professional',0),('MWS-000020595','SANJIVSCM','006073ED5F62','India','Microsoft Windows NT 5.1.2600 Service Pack 2',5),('mws-000020618','murali','14:fe:b5:9e:6e:1c','India','microsoft windows 7 ultimate',0),('mws-000020611','job261','08:11:96:0c:16:a5','India','microsoft windows 7 professional',0),('mws-000020650','divyareddy','00:00:00:00:00:00','India','microsoft windows 7 professional',0),('mws-000020532','jp','00:60:73:be:b7:9e','India','microsoft windows xp professional',0),('mws-000020532','jp','44:87:fc:9b:cb:8e','India','microsoft windows xp professional',0),('mohankrovi','mohan','00:1e:10:1f:5b:fc','India','microsoft windows xp professional',0),('mohankrovi','mohan','00:1e:10:1f:35:34','Reserved','microsoft windows xp professional',0),('mes-000020613','iic14-','00:1c:c0:f3:33:d7','India','microsoft windows xp professional',0),('mws00020532','planing','10:78:d2:f1:22:b1','India','microsoft windows xp professional',0),('mws-000020612','iic123-','00:27:0e:2b:b9:d1','India','microsoft windows xp professional',0),('mohankrovi','mohan','00:1e:10:1f:fb:c0','Reserved','microsoft windows xp professional',0),('mws-000020532','korstore5','00:1e:10:1f:e9:48','India','microsoft windows xp professional',0),('mws-000020532','korstore5','00:1e:10:1f:d1:c4','India','microsoft windows xp professional',0),('mws-000020532','mahesh','00:60:73:bb:ba:6f','India','microsoft windows xp professional',0),('000020631','dispatch','00:22:68:54:17:ef','India','microsoft windows xp professional',0),('mws-000020532','korstore5','00:1e:10:1f:33:56','India','microsoft windows xp professional',0),('mws-000020532','korstore5','00:1e:10:1f:cb:dc','India','microsoft windows xp professional',0),('mohankrovi','mohan','00:1e:10:1f:fd:de','India','microsoft windows xp professional',0),('mohankrovi','mohan','00:1e:10:1f:05:1b','India','microsoft windows xp professional',0),('mws-000020532','korstore1','00:1e:10:1f:03:fe','India','microsoft windows xp professional',0),('mws-000020532','korstore5','00:1e:10:1f:c5:47','India','microsoft windows xp professional',0),('mws-000020666','gangadhar','1c:6f:65:da:88:71','India','microsoft windows 7 professional',0),('mws-000020665','system32','00:1b:b9:99:26:39','India','microsoft windows 7 enterprise',0),('MWS-000020581','SYSTEM32','001BB9992639','India','Microsoft Windows NT 6.1.7600.0',0),('mws-000020618','cstljms','12:f1:a1:f1:6a:a3','India','microsoft windows 7 professional',0),('mws-000020613','user-d6285c4bae','1c:6f:65:c0:f5:d6','India','microsoft windows xp professional',0),('mws-000020618','om-55b8698a1e22','aa:5d:f9:6c:29:dd','India','microsoft windows xp professional',0),('induprojecket','weighbridge','38:60:77:13:39:ce','India','microsoft windows xp professional',0),('mws-000020611','iic99','58:94:6b:f2:04:bd','India','microsoft windows 7 professional',0),('MWS-000020581','DEV2','485B39C6811B','Ukraine','Microsoft Windows NT 6.1.7601 Service Pack 1',0),('mws00020532','indu-bf4b7ab001','00:1e:10:1f:6c:46','Reserved','microsoft windows xp professional',0),('MWS-000020355','SERVICECALLS','3860774EAE81','India','Microsoft Windows NT 5.1.2600 Service Pack 2',0),('MWS-000020631','NINGAMPALLY7','00FF9EC1DF34','India','Microsoft Windows NT 5.1.2600 Service Pack 3',0),('mohankrovi','mohan','00:1e:10:1f:bc:ad','India','microsoft windows xp professional',0),('aurigene','ault005','00:00:00:00:00:00','India','microsoft windows 7 professional',0),('mws-000020532','korstore5','00:1e:10:1f:49:1c','India','microsoft windows xp professional',0),('mws-000020532','korstore1','00:1e:10:1f:03:4e','India','microsoft windows xp professional',0),('mws-000020618','cstljms','70:f3:95:84:ed:e4','India','microsoft windows 7 professional',0),('MWS-000020697','SYSTEM32','001BB9992639','India','Microsoft Windows NT 6.1.7601 Service Pack 1',0),('MWS-000020697','SYSTEM32','001BB9992639','India','Microsoft Windows NT 6.1.7601 Service Pack 1',0),('mws-000020532','ygreddy','00:1e:10:1f:77:ce','India','microsoft windows xp professional',0),('mws-000020532','indu-9','44:37:e6:53:df:58','India','microsoft windows xp professional',0),('mws-000020690','bimba','00:1e:10:1f:9d:8c','Reserved','microsoft windows xp professional',0),('mws-000020532','kasusrinivasrao','00:16:ea:60:a7:e6','India','microsoft® windows vista™ business',0),('mws-000020620','msecuredatalabs','00:01:6c:56:90:94','India','microsoft windows xp professional',0),('mws-000020611','iic99','78:2b:cb:cc:e4:80','India','microsoft windows 7 professional',0),('mohankrovi','mohan','00:1e:10:1f:ed:8a','Reserved','microsoft windows xp professional',0),('MWS-000020621','MSECUREDATALABS','00016C569094','India','Microsoft Windows NT 5.1.2600 Service Pack 3',0),('mws-000020532','korstore1','00:1e:10:1f:b9:87','India','microsoft windows xp professional',0),('mohankrovi','mohan','00:1e:10:1f:64:27','Reserved','microsoft windows xp professional',0),('alex','bitsecurelabs','00:1c:bf:98:f9:ba','India','microsoft windows 7 ultimate',0),('mws-000020673','sai-pc','00:19:d1:6b:44:99','India','microsoft windows 7 ultimate',0),('mws-000020532','korstore5','44:87:fc:c7:26:b8','India','microsoft windows xp professional',0),('mws-000020658','venugopalreddy','00:27:13:c8:42:8f','Gabon','microsoft windows 8 consumer preview',0),('scitech','spa0407-081','00:0f:fe:1c:03:da','India','microsoft windows xp professional',0),('MWS-000020664','BITSECURELABS','001C25744E82','India','Microsoft Windows NT 6.1.7600.0',0),('mohankrovi','mohan','00:1e:10:1f:7f:7d','India','microsoft windows xp professional',0),('mws-000020532','korstore23','00:1e:10:1f:15:a4','India','microsoft windows xp professional',0),('mws-000020532','korstore1','00:1e:10:1f:8a:85','India','microsoft windows xp professional',0),('aurigene','ault005','78:2b:cb:c6:c6:75','India','microsoft windows 7 professional',0),('mws-000020532','koraccjagadeesh','00:60:73:4e:da:03','India','microsoft windows xp professional',0),('mws-000020696','rajasekhar','00:1f:3c:42:4b:2c','India','microsoft windows xp professional',0),('mohankrovi','mohan','00:1e:10:1f:3d:a8','Reserved','microsoft windows xp professional',0),('mws-000020618','fileserver','00:19:db:78:1e:78','India','microsoft(r) windows(r) server 2003, enterprise edition',0),('mws-000020618','om-55b8698a1e22','46:75:dc:b1:16:d1','India','microsoft windows xp professional',0),('mws-000020532','korstore1','00:1e:10:1f:30:5e','India','microsoft windows xp professional',0),('mws-000020532','ygreddy','00:1e:10:1f:fb:86','India','microsoft windows xp professional',0),('mws-000020532','korstore1','00:1e:10:1f:5c:21','India','microsoft windows xp professional',0),('mws-000020532','computer_1','00:22:68:b3:62:24','India','microsoft windows xp professional',0),('mws-000020618','om-55b8698a1e22','72:0d:c5:f7:08:07','India','microsoft windows xp professional',0),('mws-000020532','korstore23','00:1e:10:1f:fc:d3','India','microsoft windows xp professional',0),('mws-000020618','om-55b8698a1e22','00:19:db:73:3f:24','India','microsoft windows xp professional',0),('scitech','spa0407-118','00:19:db:73:3b:ff','India','microsoft windows xp professional',0),('mws00020532','samsung','00:1e:10:1f:ea:86','India','microsoft windows xp professional',0),('mws-000020645','ramky','00:00:00:00:00:00','India','microsoft windows xp professional',0),('mws-000020532','admin7','00:15:b7:69:42:5a','India','microsoft windows xp professional',0),('tvenugopalreddy','venugopalreddy','00:27:13:c8:42:8f','Gabon','microsoft windows 8 consumer preview',0),('scitech','spa0407-117','00:19:db:73:38:9c','India','microsoft windows xp professional',0),('mws-000020532','agm','00:60:73:e2:83:54','India','microsoft windows xp professional',0),('mws-000020532','korstore23','44:87:fc:40:b3:42','India','microsoft windows xp professional',0),('mws-000020532','korstore5','00:1e:10:1f:08:15','India','microsoft windows xp professional',0),('mws-000020532','korstore23','00:1e:10:1f:86:4d','India','microsoft windows xp professional',0),('mws-000020532','hr','00:19:d1:28:bd:75','India','microsoft windows xp professional',0),('mws-000020532','korstore5','00:1e:10:1f:5d:88','India','microsoft windows xp professional',0),('mws-00002820532','ks-7e747a7f408e','00:1c:c0:52:77:59','India','microsoft windows xp professional',0),('mws-000020532','agm','00:19:d1:4f:d6:31','India','microsoft windows xp professional',0),('mws-000020532','stores2','80:ee:73:15:97:1a','India','microsoft windows xp professional',0),('MWS-000020667','HP18983785686','00215ABE4CE5','India','Microsoft Windows NT 5.1.2600 Service Pack 3',0),('mws-000020532','stores2','00:60:73:1a:d0:fc','India','microsoft windows xp professional',0),('se','sharmasanjaykum','00:00:00:00:00:00','India','microsoft windows 7 ultimate',0),('mws-000020620','src-acc','00:27:0e:31:ef:b1','India','microsoft windows xp professional',0),('ketan-wz-ril','ketanrathod','00:00:00:00:00:00','India','microsoft windows 7 professional',0),('mws-000020532','ygreddy','00:60:73:31:c5:8d','India','microsoft windows xp professional',0),('mws-000020532','gopalakrishnaa','00:21:97:10:84:f5','India','microsoft windows xp professional',0),('mws-000020613','pre4','00:1c:c0:f3:33:bf','India','microsoft windows xp professional',0),('MWS-000020664','CORPS','0015178A1110','India','Microsoft Windows NT 6.1.7600.0',1),('mws-000020620','crl-spares','e0:cb:4e:28:06:7a','India','microsoft windows xp professional',0),('vsejangaon','jng-service','00:1c:c0:d8:78:42','India','microsoft windows xp professional',0),('MWS-000020355','JNG-SERVICE','001CC0D87842','India','Microsoft Windows NT 5.1.2600 Service Pack 3',0),('ramesh','my-pc','00:00:00:00:00:00','India','microsoft windows 7 ultimate',0),('mws-000020532','agm','00:60:73:ee:d6:f9','India','microsoft windows xp professional',0),('mws-000020532','indu-11','00:60:73:c6:25:c9','India','microsoft windows xp professional',0),('mws-000020620','wh-server','38:60:77:13:bf:d2','India','microsoft windows xp professional',0),('mws-000020611','academy1','00:0c:43:00:11:80','India','microsoft windows xp professional',0),('shalivahana green energy limited','sherlina','00:1e:ec:62:3a:e4','India','microsoft windows xp professional',0),('MWS-000020667','EE','00215ABE4C88','India','Microsoft Windows NT 6.0.6002 Service Pack 2',0),('mws-000020666','personal-02d5fe','00:0a:e4:e7:9a:f9','India','microsoft windows xp professional',0),('mws-000020698','system32','00:1b:b9:99:26:39','India','microsoft windows 7 enterprise',0),('raj','pc2','00:1b:b9:98:8d:92','India','microsoft windows xp professional',0),('mws-000020532','koraccjagadeesh','00:01:6c:fb:31:a7','India','microsoft windows xp professional',0),('mws-000020532','ygreddy','00:1e:10:1f:96:a7','India','microsoft windows xp professional',0),('mws-000020611','iic15','00:1e:3d:01:60:ca','India','microsoft windows xp professional',0),('mws-000020532','admin7','00:60:73:8a:3f:08','India','microsoft windows xp professional',0),('mws-000020532','korstore5','00:1e:10:1f:f5:b1','India','microsoft windows xp professional',0),('mws-000020532','ravir','00:15:58:e2:21:58','India','microsoft windows xp professional',0),('mws-000020532','lokesh','00:1e:90:ac:f5:96','India','microsoft windows xp professional',0),('mws-000020532','korstore5','00:1e:10:1f:cd:d0','India','microsoft windows xp professional',0),('mws-000020532','koraccunts','00:60:73:e0:00:00','India','microsoft windows xp professional',0),('scitech','SPA0407-130','001279BD3ECC','India','Microsoft Windows NT 5.1.2600 Service Pack 3',0),('MWS-000020631','MPATNAM','0019D141865A','India','Microsoft Windows NT 5.1.2600 Service Pack 3',1),('mws-000020532','admin7','00:00:00:f0:1d:00','India','microsoft windows xp professional',0),('MWS-000020631','GUNTUR','000CF1C8F98A','India','Microsoft Windows NT 5.1.2600 Service Pack 3',1),('indu projecket','weighbridge','38:60:77:13:39:ce','India','microsoft windows xp professional',0),('indu projecket ltd','weighbridge','38:60:77:13:39:ce','India','microsoft windows xp professional',0),('mws-000020532','qc','80:ee:73:15:9a:2e','India','microsoft windows xp professional',0),('mws-000020532','korstore1','00:1e:10:1f:18:5b','India','microsoft windows xp professional',0),('mws_000026618','office-a0beede8','00:1d:d9:fe:35:de','India','microsoft windows xp professional',0),('mws-000020696','b1004d1it0230','00:22:19:0d:07:83','India','microsoft windows 7 enterprise',0),('mws-000020696','bsecureconsole','00:1e:c9:54:6a:1b','India','microsoft windows xp professional',0),('itrefpl','santhosh-refl','70:f1:a1:84:16:d5','India','microsoft windows 7 professional',0),('mws-000020690','bimba','00:1e:10:1f:8c:05','India','microsoft windows xp professional',0),('MWS-000020631','COMPUTER-BA3611','0025114752E3','India','Microsoft Windows NT 5.1.2600 Service Pack 3',0),('mws-000020668','appcb-vaio','00:00:00:00:00:00','India','microsoft windows 7 professional',0),('MWS-000020664','CORPS','001EC95C85B2','India','Microsoft Windows NT 6.1.7600.0',0),('MWS-000020659','ANTIVIRUSSEVER','1C6F653FC98C','India','Microsoft Windows NT 5.1.2600 Service Pack 3',64),('admin','SUKUMAR','001CC085516B','India','Microsoft Windows NT 5.1.2600 Service Pack 2',0),('mahesh','pc','00:21:86:46:88:29','India','microsoft windows xp professional',0),('mws-000020532','korstore5','00:1e:10:1f:b0:50','India','microsoft windows xp professional',0),('mws000200532','malwa-05a730487','00:15:58:d5:08:46','India','microsoft windows xp professional',0),('mws-000020611','bujji','88:53:2e:09:fb:6a','India','microsoft windows 7 professional',0),('mws-000020532','chetan','00:26:37:bd:39:42','India','microsoft windows xp professional',0),('mws-000020532','korstore1','00:1e:10:1f:87:2c','India','microsoft windows xp professional',0),('mws-000020532','zochn1','00:60:73:09:4f:fa','India','microsoft windows xp professional',0),('mws000020595','planing','00:1c:23:16:2a:3e','India','microsoft windows xp professional',0),('mws-000020665','rama-pc','00:00:00:00:00:00','India','microsoft windows 7 starter',0),('mws-000020613','iic','00:a0:c6:00:00:00','India','microsoft windows xp professional',0),('mws-000020532','korstore1','00:1e:10:1f:5d:6d','India','microsoft windows xp professional',0),('raj','ahalya123','00:01:6c:fb:31:9a','India','microsoft windows xp professional',0),('mws-000020611','dmc04','00:11:2f:a3:2b:f4','India','microsoft windows xp professional',0),('mws000200532`','planing','00:60:73:e1:5d:11','India','microsoft windows xp professional',0),('mws000200532','planing','00:60:73:e1:5d:11','India','microsoft windows xp professional',0),('mws-000020532','qc','00:1e:10:1f:b2:f6','India','microsoft windows xp professional',0),('MWS-000020355','ADMIN-SUMA','001CC03DA4C8','India','Microsoft Windows NT 5.1.2600 Service Pack 3',0),('mws-000020532','batchingplant','40:61:86:bd:70:54','India','microsoft windows xp professional',0),('mws-000020532','korstore1','00:1e:10:1f:e3:47','India','microsoft windows xp professional',0),('mws-000020532','korstore1','00:1e:10:1f:53:96','India','microsoft windows xp professional',0),('mws-000020645','sys','00:1f:d0:ba:e7:aa','India','microsoft windows xp professional',0),('iptables','administrator','f0:4d:a2:3c:ff:b9','India','microsoft® windows server® 2008 standard',0),('mws-000020611','iicexhc01','02:1b:21:44:ae:60','India','microsoft windows server 2008 r2 enterprise',0),('mws-000020532','ygreddy','78:2b:cb:dd:a3:e2','India','microsoft windows xp professional',0),('maheshk','pc','00:21:86:46:88:29','India','microsoft windows xp professional',0),('mws000200532','malwa-05a730487','d0:27:88:3a:29:c8','India','microsoft windows xp professional',0),('mws00020532','malwa-05a730487','d0:27:88:3a:29:c8','India','microsoft windows xp professional',0),('mws-000020662','hdc-grp-bkp-001','d4:85:64:5b:ee:20','India','microsoft windows server 2008 r2 standard',0),('MWS-000020631','IT','0019D1276DE9','India','Microsoft Windows NT 5.1.2600 Service Pack 2',7),('mws-000020681','ault004','00:00:00:00:00:00','India','microsoft windows 7 professional',0),('mws-000020532','indu-16','00:60:73:f2:bb:0a','India','microsoft windows xp professional',0),('mws-000020532','biplab','00:60:73:e1:9a:6b','India','microsoft windows xp professional',0),('mws-000020649','server','00:15:58:d3:92:df','India','microsoft(r) windows(r) server 2003, enterprise edition',0),('mws-000020613','ps4','70:71:bc:9e:94:73','India','microsoft windows xp professional',0),('mws-000020649','nicmar','00:1e:c9:4e:d0:db','India','microsoft windows xp professional',0),('mws00020532','malwa-fc5907dfe','00:60:73:ee:b1:73','India','microsoft windows xp professional',0),('mws-000020469','froom','00:16:76:84:86:f6','India','microsoft windows xp professional',0),('mws-000020532','zochn1','00:1e:10:1f:4a:00','India','microsoft windows xp professional',0),('mws-000020532','korstore1','00:1e:10:1f:9d:8c','India','microsoft windows xp professional',0),('mws-000020532','korstore5','00:1e:10:1f:b2:c2','India','microsoft windows xp professional',0),('mws-000020532','korstore5','00:1e:10:1f:6c:46','India','microsoft windows xp professional',0),('mws-000020611','derrick-iic','78:e4:00:4c:c9:2c','India','microsoft windows 7 professional',0),('mws-000020532','korstore1','00:1e:10:1f:39:76','India','microsoft windows xp professional',0),('mws-000020532','admin-pc','00:1c:bf:23:a9:f8','India','microsoft® windows vista™ business',0),('MWS-000020594','SPA0407-117','0019DB73389C','India','Microsoft Windows NT 5.1.2600 Service Pack 3',29),('mws-000020532','induagm','b8:ac:6f:e2:fe:c2','India','microsoft windows 7 ultimate',0),('mws-000020532','ygreddy','00:1e:10:1f:2d:19','India','microsoft windows xp professional',0),('mws-000020532','mohand','c8:9c:dc:36:06:a3','India','microsoft windows xp professional',0),('mws-000020611','iic10','24:b6:fd:12:e4:40','India','microsoft windows 7 professional',0),('MWS-000020355','PDL-SUPERVISOR','001CC0905F18','India','Microsoft Windows NT 5.1.2600 Service Pack 3',0),('muralidharan','muralidharan-tk','00:1e:10:1f:21:c1','India','microsoft windows 7 professional',0),('MWS-000020631','COMPUTER-DB8996','0008A19238A5','India','Microsoft Windows NT 5.1.2600 Service Pack 3',0),('mws-000020532','sravan','cc:af:78:a3:ce:11','India','microsoft windows 7 professional',0),('mws-000020672','home-7635af5e41','00:13:20:24:46:9d','China','microsoft windows xp professional',0),('mws-000020532','scm','00:60:73:ef:b7:39','India','microsoft windows xp professional',0),('mohankrovi','mohan','00:16:d3:ec:bf:56','India','microsoft windows xp professional',0),('MWS-000020667','RR2','001A92E56296','India','Microsoft Windows NT 5.1.2600 Service Pack 3',0),('MWS-000020631','AM_IT','00265A03946C','India','Microsoft Windows NT 6.1.7601 Service Pack 1',9),('MWS-000020631','AM_IT','3860772543FB','India','Microsoft Windows NT 6.1.7601 Service Pack 1',2),('MWS-000020631','COMPUTER-46CC54','0022683DFB37','India','Microsoft Windows NT 5.1.2600 Service Pack 3',0),('MWS-000020659','WIN-SPL2F68IJ2G','78E3B5943662','India','Microsoft Windows NT 6.1.7601 Service Pack 1',0),('MWS-000020604','SERVER','001558D392DF','India','Microsoft Windows NT 5.2.3790 Service Pack 2',80),('MWS-000020659','ANTIVIRUSSEVER','0018FE645E09','India','Microsoft Windows NT 5.1.2600 Service Pack 3',64),('mws-000020532','bhaskar','00:60:73:eb:4c:83','India','microsoft windows xp professional',0),('mws-000020618','om-55b8698a1e22','00:ff:20:d6:c3:73','India','microsoft windows xp professional',0),('mws-000020690','bimba','00:1e:10:1f:f7:67','India','microsoft windows xp professional',0),('raj','pc1','00:1b:fc:96:52:0f','India','microsoft® windows server® 2008 standard',0),('MWS-000020631','COMPUTER-8D38B6','001CC04ADB4A','India','Microsoft Windows NT 5.1.2600 Service Pack 3',0),('mws-000020649','shanta','00:12:3f:db:d1:d1','India','microsoft windows xp professional',0),('indu projects ltd','damodar','00:01:6c:90:72:f4','India','microsoft windows xp professional',0),('mws-000020611','iic90','74:de:2b:99:7d:c7','India','microsoft windows 7 professional',0),('indu projects ltd','damodar','00:60:73:e8:5c:8b','India','microsoft windows xp professional',0),('mws-000020532','korstore5','00:1e:10:1f:3e:8b','India','microsoft windows xp professional',0),('MWS-000020593','NMS-REEL','000C29EF1FEE','India','Microsoft Windows NT 6.1.7601 Service Pack 1',324),('scitech','scitech-lap001','00:00:00:00:00:00','India','microsoft windows 7 professional',0),('mws-000020532','korstore5','00:1e:10:1f:f0:38','India','microsoft windows xp professional',0),('mws-000020611','rkb','00:13:e8:ac:b2:f1','India','microsoft windows 7 professional',0),('datta','pc','00:21:86:46:88:29','India','microsoft windows xp professional',0),('mws-000020532','ygreddy','00:1e:10:1f:0d:e9','India','microsoft windows xp professional',0),('mws-000020611','academy1','00:1e:37:c5:34:34','India','microsoft windows xp professional',0),('mws-000020681','aublrbbsrv','00:02:a5:45:c8:14','India','microsoft(r) windows(r) server 2003, standard edition',0),('MWS-000020593','SRI-REF-ADC-002','00215AA51200','India','Microsoft Windows NT 6.1.7601 Service Pack 1',76),('MWS-000020593','WRI-RIL-ADC-001','0015175EE924','India','Microsoft Windows NT 6.0.6002 Service Pack 2',61),('mws-000020613','pre3','70:71:bc:a7:3c:17','India','microsoft windows xp professional',0),('mws-000020613','iic','00:53:45:00:00:00','India','microsoft windows xp professional',0),('scitech','scitech-lap001','78:e3:b5:63:3d:0c','India','microsoft windows 7 professional',0),('mws-000020532','korstore5','00:1e:10:1f:fc:36','India','microsoft windows xp professional',0),('indu projects ltd','malaccaunt1','00:60:73:eb:ab:13','India','microsoft windows xp professional',0),('MWS-000020355','MTPL-D9CC844A35','001CC09F8D4A','India','Microsoft Windows NT 5.1.2600 Service Pack 3',0),('irfan','irfan-rf','00:00:00:00:00:00','India','microsoft windows 7 professional',0),('mws-000020532','kotaiah','00:1c:23:20:cc:c8','India','microsoft windows xp professional',0),('scitech','spa0407-068','00:11:11:9f:fd:50','India','microsoft windows xp professional',0),('MWS-000020581','SPA0407-068','0011119FFD50','India','Microsoft Windows NT 5.1.2600 Service Pack 3',0),('mws-000020612','ramesh','00:22:fb:bf:9d:14','India','microsoft windows xp professional',0),('MWS-000020594','SPA0407-068','0011119FFD50','India','Microsoft Windows NT 5.1.2600 Service Pack 3',0),('mws-000020532','korbaerp4','00:1e:10:1f:b7:19','India','microsoft windows xp professional',0),('mws-000020612','sys1','00:e2:4f:c9:a5:d3','India','microsoft windows xp professional',0),('scitech','SPA0407-134','001279BD3EFC','India','Microsoft Windows NT 5.1.2600 Service Pack 3',0),('MWS-000020601','AUKLFS','00226405A5F0','Malaysia','Microsoft Windows NT 5.2.3790 Service Pack 2',2),('mws-000020532','korbaerp4','00:1e:10:1f:4c:03','India','microsoft windows xp professional',0),('mws-000020532','indu-17','44:37:e6:53:df:e2','India','microsoft windows xp professional',0),('MWS-000020631','ADDAROAD','005345000000','India','Microsoft Windows NT 5.1.2600 Service Pack 3',0),('mws-000020532','korbaerp4','00:1e:10:1f:15:af','India','microsoft windows xp professional',0),('MWS-000020601','AUBLRBBSRV','0002A545C814','India','Microsoft Windows NT 5.2.3790 Service Pack 2',3),('scitech','spa0407-074','00:11:11:a0:0d:7c','India','microsoft windows xp professional',0),('irfan','irfan-rf','e0:2a:82:42:0d:71','India','microsoft windows 7 professional',0),('MWS-000020355','JGL-SUPERVISOR','001CC03DA4F3','India','Microsoft Windows NT 5.1.2600 Service Pack 3',0),('mws-000020612','iic3','00:25:64:00:1b:fa','India','microsoft windows xp professional',0),('mws-000020532','gc','00:1b:77:08:70:34','India','microsoft windows xp professional',0),('mws-000020645','ramireddy','00:0f:ea:9b:23:af','India','microsoft windows xp professional',0),('mws-000020532','cheplanning-2','44:37:e6:53:df:f5','India','microsoft windows xp professional',0),('MWS-000020355','CRL-ACCOUNTS','E0CB4E28067A','India','Microsoft Windows NT 5.1.2600 Service Pack 3',0),('mws-000020611','gs-iic-','5c:26:0a:71:f8:73','India','microsoft windows 7 professional',0),('mws-000020532','indu-14','00:60:73:e4:73:23','India','microsoft windows xp professional',0),('mws-000020611','iicss99','cc:af:78:4a:3c:1a','India','microsoft windows 7 professional',0),('mws00020532','planning','00:1c:bf:23:5d:1b','India','microsoft windows xp professional',0),('mws-000020662','rams-ril','00:60:73:f1:76:a3','India','microsoft windows 7 professional',0),('mws-000020532','ygreddy','00:1e:10:1f:4c:53','India','microsoft windows xp professional',0),('mws-000020665','pc4','00:1b:fc:96:52:0f','India','microsoft(r) windows(r) xp professional x64 edition',0),('mws-000020532','korbaerp4','00:1e:10:1f:c8:c1','India','microsoft windows xp professional',0),('mws-000020532','korstore1','00:1e:10:1f:eb:89','India','microsoft windows xp professional',0),('induprojects','indu-planning','44:37:e6:53:df:de','India','microsoft windows xp professional',0),('mws-000020532','korstore1','00:1e:10:1f:8e:22','India','microsoft windows xp professional',0),('mws-000020645','ramky','00:12:f0:3e:df:5c','India','microsoft windows xp professional',0),('raj','PC2','001BB9988D92','India','Microsoft Windows NT 5.1.2600 Service Pack 2',0),('000020631','cdpl-sd-server','d0:27:88:4e:93:31','India','microsoft windows xp professional',0),('MWS-000020631','CDPL-SD-SERVER','D027884E9331','India','Microsoft Windows NT 5.1.2600 Service Pack 3',4),('mws-000020611','gs-iic-','d0:df:9a:b2:e5:9a','India','microsoft windows 7 professional',0),('sherlina','sherlina','00:1e:ec:62:3a:e4','India','microsoft windows xp professional',0),('mws-000020692','accounts','00:19:d1:aa:2a:d4','India','microsoft windows xp professional',0),('MWS-000020631','MOHANMURALI','001F3A06E159','India','Microsoft Windows NT 5.1.2600 Service Pack 2',1),('000020631','mohanmurali','00:1f:3a:06:e1:59','India','microsoft windows xp professional',0),('mws-000020532','qc','00:ff:f5:68:f6:a4','India','microsoft windows xp professional',0),('mws-000020532','korstore1','00:1e:10:1f:70:ef','India','microsoft windows xp professional',0),('mws-000020532','muralidharit','cc:af:78:a3:44:ce','India','microsoft windows 7 professional',0),('mws-000020692','gani','00:40:05:74:d4:e0','India','microsoft windows xp professional',0),('mws-000020532','korbaerp4','00:1e:10:1f:bc:ad','India','microsoft windows xp professional',0),('mws-000020532','ygreddy','90:00:4e:6e:81:6e','India','microsoft windows xp professional',0),('mws-000020673','home-pc','b8:ac:6f:65:19:9d','India','microsoft windows 7 ultimate',0),('mws-000020532','qc','00:1e:10:1f:1d:99','India','microsoft windows xp professional',0),('mws-000020532','qc','00:1e:10:1f:7f:7d','India','microsoft windows xp professional',0),('MWS-000020593','SRI-RIL-STR-001','00215E4FD6BC','India','Microsoft Windows NT 6.1.7601 Service Pack 1',510),('MWS-000020593','HDC-GRP-AVS-001','005056A10C96','India','Microsoft Windows NT 6.1.7601 Service Pack 1',168),('mws-000020532','qc','00:1e:10:1f:30:5f','India','microsoft windows xp professional',0),('mws-000020613','dp4','70:71:bc:9a:14:37','India','microsoft windows xp professional',0),('MWS-000020593','VENU-NAMI','00E04C080F0F','India','Microsoft Windows NT 6.1.7600.0',1),('mws-000020532','korstore1','00:1e:10:1f:fb:2b','India','microsoft windows xp professional',0),('mws-000020532','korstore1','00:1e:10:1f:24:f1','India','microsoft windows xp professional',0),('mws-000020532','qc','00:1e:10:1f:83:f8','Reserved','microsoft windows xp professional',0),('mws-000020611','support','58:94:6b:5c:ab:c0','India','microsoft windows 7 professional',0),('mws-000020532','maheshtld','00:53:45:00:00:00','India','microsoft windows xp professional',0),('mws-000020692','administrator','00:25:11:c8:d7:fc','India','microsoft windows xp professional',0),('mws-000020692','mcc','00:1c:c0:4a:ce:f6','India','microsoft windows xp professional',0),('mws-000020620','basid-pc','00:23:4e:1a:d7:62','India','microsoft windows xp professional',0),('mws-000020532','qc','00:1e:10:1f:48:24','Reserved','microsoft windows xp professional',0),('mws-000020692','jersey-1f13e483','00:0b:6a:79:13:f5','India','microsoft windows xp professional',0),('mws-000020692','creamline','00:19:db:68:df:d8','India','microsoft windows xp professional',0),('mws-000020611','iic1500','00:1d:d9:df:97:f8','India','microsoft windows xp professional',0),('mws-000020532','muralidharit','cc:af:78:a3:44:cd','India','microsoft windows 7 professional',0),('mws-000020613','iic','00:22:19:f8:50:87','India','microsoft windows xp professional',0),('mws-000020611','sicom150','c0:cb:38:a9:25:a8','India','microsoft windows 7 professional',0),('mws-000020532','indu-16','44:37:e6:5b:1a:3b','India','microsoft windows xp professional',0),('mws-000020532','korstore5','00:1e:10:1f:db:2e','India','microsoft windows xp professional',0),('mws-000020620','mlg','00:1c:c0:3e:7f:b1','India','microsoft windows xp professional',0),('mws-000020675','hv11accu2117','00:15:5d:cc:f6:08','United States','microsoft windows server 2008 r2 standard',0),('mws-000020532','stores1','f4:6d:04:92:f9:b5','India','microsoft windows xp professional',0),('mws00020532','storees','00:60:73:e1:e7:c3','India','microsoft windows xp professional',0),('MWS-000020355','SERVICE-CALLS','00270E2A8F9A','India','Microsoft Windows NT 5.1.2600 Service Pack 3',0),('mws-000020532','koraccunts','00:1e:10:1f:90:b9','India','microsoft windows xp professional',0),('mws-000020532','korstore5','00:1e:10:1f:1c:31','India','microsoft windows xp professional',0),('mws-000020532','korstore5','00:1e:10:1f:db:29','India','microsoft windows xp professional',0),('mws-000020613','sys1','00:e2:4f:c9:a5:d3','India','microsoft windows xp professional',0),('mws-000020532','tej','00:60:73:eb:6c:48','India','microsoft windows 7 ultimate',0),('mws-000020532','korbaerp4','00:1e:10:1f:fd:de','India','microsoft windows xp professional',0),('mws-000020532','indu-14','00:1e:10:1f:82:5b','India','microsoft windows xp professional',0),('mws-000020532','stores1','00:60:73:57:c8:ff','India','microsoft windows xp professional',0),('mws-000020532','ygreddy','00:1e:10:1f:8c:05','India','microsoft windows xp professional',0),('mws-000020532','ramchandrareddy','00:1b:38:07:51:66','India','microsoft windows xp professional',0),('MWS-000020697','MRR','0025116FA2EA','India','Microsoft Windows NT 5.1.2600 Service Pack 2',0),('mws-000020700','yaseen','00:19:d1:f7:d1:75','India','',0),('mws-000020698','sherlina','00:1e:10:1f:2a:27','Reserved','microsoft windows xp professional',0),('mws-000020532','korstore1','00:1e:10:1f:73:1c','India','microsoft windows xp professional',0),('MWS-000020355','NSP-SUPERVISOR','00270E0069EF','India','Microsoft Windows NT 5.1.2600 Service Pack 3',0),('MWS-000020631','COMPUTER-BEB240','0022683DFB45','India','Microsoft Windows NT 5.1.2600 Service Pack 3',0),('mws-000020611','iic90','00:1e:10:1f:8a:aa','Germany','microsoft windows 7 professional',0),('mws-000020620','jng-spares','00:27:0e:2a:8f:c8','India','microsoft windows xp professional',0),('mws-000020532','korstore5','00:1e:10:1f:f2:ce','India','microsoft windows xp professional',0),('mws-000020532','zochn1','78:2b:cb:96:d5:ec','India','microsoft windows xp professional',0),('mws_000020532','hari-hp','88:9f:fa:62:91:47','India','microsoft windows 7 home premium',0),('mws-000020611','iic90','00:1e:10:1f:85:fa','Australia','microsoft windows 7 professional',0),('mws-000020611','iic90','00:1e:10:1f:36:d9','Russian Federation','microsoft windows 7 professional',0),('mws-000020532','ygreddy','00:1e:10:1f:dd:f3','India','microsoft windows xp professional',0),('mws-000020692','jersey-pc','00:16:76:8b:70:ed','India','',0),('mws-000020611','hrd9','78:92:9c:3e:dd:96','India','microsoft windows xp professional',0),('pullareddy','pullareddy-reel','74:de:2b:ae:87:47','India','microsoft windows 7 professional',0),('mws-000020690','bimba','00:1e:10:1f:2d:19','India','microsoft windows xp professional',0),('MWS-000020355','JNG-SPARES','00270E2A8FC8','India','Microsoft Windows NT 5.1.2600 Service Pack 3',0),('mws-000020532','qc','00:1e:10:1f:2b:05','Reserved','microsoft windows xp professional',0),('sandya','pc','00:21:86:46:88:29','India','microsoft windows xp professional',0),('vse','pc','00:21:86:46:88:29','India','microsoft windows xp professional',0),('MWS-000020699','MSECUREDATALABS','00016C569094','India','Microsoft Windows NT 5.1.2600 Service Pack 3',6),('mws-000020611','iic90','00:1e:10:1f:2e:a9','Germany','microsoft windows 7 professional',0),('mws-000020532','ygreddy','00:1e:10:1f:a9:3a','India','microsoft windows xp professional',0),('ram','pc','00:21:86:46:88:29','India','microsoft windows xp professional',0),('mws-000020662','ramkyit','00:53:45:00:00:00','India','microsoft windows xp professional',0),('mws-000020532','korbaerp4','00:60:73:e2:d5:ee','India','microsoft windows xp professional',0),('raj','dbadmin','00:23:ae:b3:18:32','India','microsoft windows xp professional',0),('chitty','pc','00:21:86:46:88:29','India','microsoft windows xp professional',0),('mws-000020532','korstore5','00:1e:10:1f:e5:e5','India','microsoft windows xp professional',0),('admin','purchase','6c:62:6d:49:bc:5d','India','microsoft windows xp professional',0),('mws-000020532','zochn1','00:1e:10:1f:34:ad','India','microsoft windows xp professional',0),('mws-000020662','sangeetharao','00:60:73:8d:d8:dc','India','microsoft windows xp professional',0),('mws-000020532','qc','00:1e:10:1f:e5:0b','Reserved','microsoft windows xp professional',0),('mws-000020618','antivirus','00:19:db:73:3e:f6','India','microsoft(r) windows(r) server 2003, standard edition',0),('mws-000020532','planning2','00:1e:90:60:8d:11','India','microsoft windows xp professional',0),('mws-000020613','iic','70:71:bc:a7:f7:e0','India','microsoft windows xp professional',0),('mws-000020532','qc','00:1e:10:1f:05:1b','India','microsoft windows xp professional',0),('mws-000020532','korbaerp4','00:1e:10:1f:ae:32','India','microsoft windows xp professional',0),('mws-000020532','ammu-hp','e0:2a:82:82:00:4f','India','microsoft windows 7 home basic',0),('mws-000020611','iic26','08:11:96:c4:dd:58','India','microsoft windows 7 professional',0),('ws-000020692','deo','00:e0:18:6d:8d:65','India','microsoft windows xp professional',0),('raj','bitsecurelabs','','India','microsoft windows 7 ultimate',0),('MWS-000020659','REMOTEAPP','1C7EE5C8660B','India','Microsoft Windows NT 6.1.7601 Service Pack 1',1),('mws-000020620','supervisor','00:1c:c0:3e:7f:82','India','microsoft windows xp professional',0),('mws-000020649','nicmar-pc','08:00:27:00:d0:39','India','microsoft windows 7 professional',0),('mws-000020618','ramanamurthy','1e:f4:6a:b8:30:87','India','microsoft windows 7 professional',0),('MWS-000020631','LSR','0023546F9FF6','India','Microsoft Windows NT 5.1.2600 Service Pack 2',1),('mws-000020692','mis','00:19:db:a9:5a:44','India','microsoft windows xp professional',0),('123','pc','00:21:86:46:88:29','India','microsoft windows xp professional',0),('mws-000020532','korstore5','00:1e:10:1f:c4:ba','India','microsoft windows xp professional',0),('mws-000020532','qc','00:1e:10:1f:c3:e9','Reserved','microsoft windows xp professional',0),('mws-000020532','tildaqs','00:60:73:4f:32:e8','India','microsoft windows xp professional',0),('mws-000020692','administrator','00:1e:10:1f:39:76','Reserved','microsoft windows xp professional',0),('111','pc','00:21:86:46:88:29','India','microsoft windows xp professional',0),('333','pc','00:21:86:46:88:29','India','microsoft windows xp professional',0),('raj','hari-it-ril','00:1a:a0:b2:29:01','India','microsoft windows xp professional',0),('mws-000020532','ygreddy','00:1e:10:1f:a6:db','India','microsoft windows xp professional',0),('mws-000020532','qc','00:1e:10:1f:ab:03','India','microsoft windows xp professional',0),('mws-000020532','korstore5','00:1e:10:1f:ea:86','India','microsoft windows xp professional',0),('mws-000020692','madhukarreddy','00:21:6a:28:54:7c','India','microsoft windows xp professional',0),('mws-000020662','hdc-grp-ocs-001','d4:85:64:58:be:98','India','microsoft windows server 2008 r2 standard',0),('mws-000020662','hdc-grp-ocs-002','d4:85:64:58:ce:d0','India','microsoft windows server 2008 r2 standard',0),('MWS-000020701','SRV','6C626DA92210','India','Microsoft Windows NT 5.1.2600 Service Pack 3',48),('mws-000020586','raomk','00:00:00:00:00:00','Reserved','microsoft® windows vista™ ultimate',0),('mws00020532','planning','00:60:73:3b:45:26','India','microsoft windows xp professional',0),('mws-000020532','qc','00:1e:10:1f:2e:51','Reserved','microsoft windows xp professional',0),('mws-000020611','s54','08:11:96:0b:f0:50','India','microsoft windows 7 professional',0),('mws-000020692','administrator','00:1e:10:1f:77:ce','Reserved','microsoft windows xp professional',0),('mws00020532','sravanplan','00:60:73:e1:5d:11','India','microsoft windows xp professional',0),('mws-000020692','administrator','00:1e:10:1f:ea:86','Reserved','microsoft windows xp professional',0),('mws-000020532','qc','00:1e:10:1f:d2:71','India','microsoft windows xp professional',0),('mws_000020532','compaq-pc','00:27:13:9a:3b:67','India','microsoft windows 7 home premium',0),('mws-000020690','bimba','00:1e:10:1f:39:76','India','microsoft windows xp professional',0),('mws-000020650','sudharshan','00:19:d1:9e:d6:c4','India','microsoft windows xp professional',0),('abs','pc','00:21:86:46:88:29','India','microsoft windows xp professional',0),('mws-000020532','ygreddy','00:1e:10:1f:a7:5c','India','microsoft windows xp professional',0),('mws-000020532','korstore1','00:1e:10:1f:16:5a','India','microsoft windows xp professional',0),('mws-000020532','korbaerp4','00:1e:10:1f:0c:60','India','microsoft windows xp professional',0),('mws-000020532','korstore1','00:1e:10:1f:80:56','India','microsoft windows xp professional',0),('mws-000020532','anwarpasha','00:60:73:81:21:f2','India','microsoft® windows vista™ business',0),('mws-000020532','ygreddy','00:1e:10:1f:2a:27','India','microsoft windows xp professional',0),('MWS-000020631','KBC','001CC04AF4BA','India','Microsoft Windows NT 5.1.2600 Service Pack 3',0),('mws-000020532','korstore5','00:1e:10:1f:64:8e','India','microsoft windows xp professional',0),('MWS-000020355','VSE-THRR','00270E25D9A4','India','Microsoft Windows NT 5.1.2600 Service Pack 2',0),('mws-000020532','korstore1','00:60:73:e7:b9:87','India','microsoft windows xp professional',0),('mws-000020532','korbaerp4','00:1e:10:1f:5a:dc','India','microsoft windows xp professional',0),('mws-000020692','administrator','00:1e:10:1f:87:1a','Reserved','microsoft windows xp professional',0),('mws-000020532','admin7','00:13:02:c7:82:cb','India','microsoft windows xp professional',0),('mws-000020532','korstore5','00:1e:10:1f:74:33','India','microsoft windows xp professional',0),('mws-000020613','sys01','00:1c:c0:b8:b1:58','India','microsoft windows xp professional',0),('mws-000020648','pc','00:25:64:d4:8f:fe','India','microsoft windows 7 professional',0),('mws-000020532','korbaerp4','00:1e:10:1f:88:91','India','microsoft windows xp professional',0),('ope','pc','00:21:86:46:88:29','India','microsoft windows xp professional',0),('pppp','pc','00:21:86:46:88:29','India','microsoft windows xp professional',0),('glu','pc','00:21:86:46:88:29','India','microsoft windows xp professional',0),('mws-000020532','korbaerp4','00:1e:10:1f:b1:c9','India','microsoft windows xp professional',0),('mws-000020532','korstore1','00:1e:10:1f:2e:69','India','microsoft windows xp professional',0),('mws00020532','planning','00:1c:23:16:2a:3e','India','microsoft windows xp professional',0),('mws-000020611','sicom100','00:1b:77:65:6a:5b','India','microsoft windows xp professional',0),('mws-000020666','admin-pc','00:00:00:00:00:00','India','microsoft windows 7 professional',0),('mws-000020692','administrator','00:1e:10:1f:5a:dc','Reserved','microsoft windows xp professional',0),('mws-000020650','sushma','00:0e:a6:12:ca:f7','India','microsoft windows xp professional',0),('mws-000020532','admin','00:50:ba:8b:bf:8b','India','microsoft windows xp professional',0),('mws-000020639','nisar-pc','00:00:00:00:00:00','India','microsoft windows 7 home premium',0),('mws-000020618','ramesh-pc','96:00:4e:22:5f:28','India','microsoft windows 7 professional',0),('mws-000020650','home-4d0610ae65','00:22:15:aa:bf:d8','India','microsoft windows xp professional',0),('mws-000020669','mukund-pc','00:00:00:00:00:00','India','microsoft® windows vista™ home premium',0),('mws-000020692','administrator','00:1e:10:1f:34:ad','Reserved','microsoft windows xp professional',0),('MWS-000020629','EDPBACKUP','001CC034DF9C','India','Microsoft Windows NT 5.1.2600 Service Pack 3',53),('mws-000020662','mgr-ce77f525802','00:26:18:da:29:ed','India','microsoft windows xp professional',0),('mws-000020690','bimba','00:1e:10:1f:a7:a5','India','microsoft windows xp professional',0),('mws-000020611','iic26','08:11:96:c4:dd:59','India','microsoft windows 7 professional',0),('mws-000020692','administrator','00:1e:10:1f:2a:27','Reserved','microsoft windows xp professional',0),('MWS-000020598','ANTIVIRUS','0019DB733EF6','India','Microsoft Windows NT 5.2.3790 Service Pack 2',26),('mws-000020681','ault004','78:2b:cb:c6:c6:5e','India','microsoft windows 7 professional',0),('mws-000020532','korstore23','00:60:73:e4:3d:08','India','microsoft windows xp professional',0),('mws_000020532','compaq-pc','c2:17:fe:97:f2:39','India','microsoft windows 7 home premium',0),('MWS-000020594','SPA0407-118','0019DB733BFF','India','Microsoft Windows NT 5.1.2600 Service Pack 3',7),('MWS-000020660','ESIGN','50E549100617','India','Microsoft Windows NT 6.0.6001 Service Pack 1',1),('mws-000020532','korstore5','00:1e:10:1f:19:a3','India','microsoft windows xp professional',0),('mws-000020690','bimba','00:14:a5:2b:0f:71','India','microsoft windows xp professional',0),('MWS-000020596','BSECURECONSOLE','001EC9546A1B','India','Microsoft Windows NT 5.1.2600 Service Pack 3',9),('MWS-000020631','ITSERVICES','002511C53113','India','Microsoft Windows NT 5.1.2600 Service Pack 3',62),('mws-000020692','administrator','00:1e:10:1f:c4:ba','Reserved','microsoft windows xp professional',0),('admin','indusales','00:1c:25:c3:57:47','India','microsoft windows xp professional',0),('MWS-000020621','WINGS-SERVER','7071BC82F5D9','India','Microsoft Windows NT 5.1.2600 Service Pack 3',1),('MWS-000020355','MNC-SERVICE','001CC03DA498','India','Microsoft Windows NT 5.1.2600 Service Pack 3',0),('mws-000020532','indu-10','44:37:e6:5a:c9:43','India','microsoft windows xp professional',0),('ape','pc','00:21:86:46:88:29','India','microsoft windows xp professional',0),('pullareddy','pullareddy-reel','00:00:00:00:00:00','India','microsoft windows 7 professional',0),('mws-000020611','rkb','00:1b:fb:57:bc:69','India','microsoft windows 7 professional',0),('mws-000020618','siva','00:00:00:00:00:00','India','microsoft windows 7 professional',0),('mws-000020532','ammu-hp','e0:2a:82:dc:45:36','India','microsoft windows 7 home basic',0),('mws_000020532','hari-hp','8e:9f:fa:62:91:47','India','microsoft windows 7 home premium',0),('mws-000020618','uday','00:1f:c6:d8:64:b9','India','microsoft windows xp professional',0),('mws-000020671','sri-cherry-pc','00:00:00:00:00:00','India','microsoft windows 7 professional',0),('mws-000020532','biplab','00:14:2a:cf:0a:1e','India','microsoft windows xp professional',0),('mws-000020532','indu-4','44:37:e6:5a:c8:2d','India','microsoft windows xp professional',0),('mws-000020532','indu-3','78:2b:cb:96:d7:bc','India','microsoft windows xp professional',0),('mws-000020532','indu-02','78:2b:cb:97:a8:cb','India','microsoft windows xp professional',0),('mws-000020532','che-planning1','78:2b:cb:97:72:e7','India','microsoft windows xp professional',0),('mws-000020532','ashok','00:1c:25:c0:ed:10','India','microsoft windows xp professional',0),('mws-000020644','spa0407-125','00:16:76:6e:39:06','India','microsoft windows xp professional',0),('muralidharan','muralidharan-tk','74:de:2b:15:9c:3a','India','microsoft windows 7 professional',0),('MWS-000020667','ADMIN','00195B6B69E4','India','Microsoft Windows NT 5.1.2600 Service Pack 3',9),('mws-000020669','reddy-c58978b05','00:16:76:12:40:85','India','microsoft windows xp professional',0),('MWS-000020595','JEEBRAIL-1','001D7DFD7758','India','Microsoft Windows NT 5.1.2600 Service Pack 2',14),('mws-000020649','mishra','00:11:11:61:2d:46','India','microsoft windows xp professional',0),('mws-000020532','acer','00:60:73:e4:24:cf','India','microsoft windows xp professional',0),('msw-000020692','admin','00:53:45:00:00:00','India','microsoft windows xp professional',0),('indu','admin-pc','00:00:00:00:00:00','India','microsoft® windows vista™ business',0),('mws-000020532','purchasetld','80:ee:73:15:9e:53','India','microsoft windows xp professional',0),('mws-000020620','wh-dms','00:e0:1c:3b:ae:5c','India','microsoft windows xp professional',0),('mws-000020532','shanmuka','80:ee:73:15:98:48','India','microsoft windows xp professional',0),('mws-000020532','enggi','00:60:73:57:9b:09','India','microsoft windows 7 professional',0),('MWS-000020631','IT-SERVICES','001CC09CB02E','India','Microsoft Windows NT 5.1.2600 Service Pack 3',0),('mws-000020665','subrah','00:1b:77:99:f9:51','India','microsoft windows xp professional',0),('mws-000020532','lavanyakumar','c8:9c:dc:39:8b:c9','India','microsoft windows xp professional',0),('mws-000020532','korstore5','00:1e:10:1f:3f:89','India','microsoft windows xp professional',0),('mws-000020679','ault008','00:26:5e:30:15:56','India','microsoft windows xp professional',0),('muralidharan','muralidharan-tk','00:00:00:00:00:00','India','microsoft windows 7 professional',0),('mws-000020612','ramesh','00:25:56:dd:33:49','India','microsoft windows xp professional',0),('mws-000020620','mbb-service','00:27:0e:01:8c:25','India','microsoft windows xp professional',0),('mws-000020692','accounts','00:14:2a:14:d7:a2','India','microsoft windows xp professional',0),('mws-000020673','sufiyanmalik-pc','1c:6f:65:5b:ff:c4','India','microsoft windows 7 home premium',0),('mws-000020665','raghav-b3f25651','00:1c:c0:1d:60:d8','India','microsoft windows xp professional',0),('mws-000020611','admin1','c0:18:85:d7:96:bf','India','microsoft windows 7 professional',0),('mws-000020532','ygreddy','00:60:73:12:56:27','India','microsoft windows xp professional',0),('mws-000020612','iicsablap1','00:22:19:f0:08:e3','India','microsoft windows xp professional',0),('mws_000026618','office-a0beede8','00:1f:3a:02:46:57','India','microsoft windows xp professional',0),('mws-000020706','sampato','70:f1:a1:a1:b7:da','India','microsoft windows xp professional',0),('mws-000020532','indu-01','44:37:e6:5a:c8:cf','India','microsoft windows xp professional',0),('MWS-000020667','APPCB-476','000F20758441','India','Microsoft Windows NT 5.1.2600 Service Pack 2',2),('mws-000020662','hdc-grp-rdc-001','d4:85:64:5b:99:30','India','microsoft windows server 2008 r2 enterprise',0),('mws-000020662','hdc-grp-adc-001','00:50:56:a1:0c:99','India','microsoft windows server 2008 r2 standard',0),('mws-000020613','dp4','02:f0:4d:b0:db:5a','India','microsoft windows xp professional',0),('mws-000020662','pc2','00:24:1d:5f:3f:07','India','microsoft windows xp professional',0),('mws-000020532','erp1','44:87:fc:92:5a:b7','India','microsoft windows xp professional',0),('indu projects ltd','malaccaunt1','90:e6:ba:ca:6f:58','India','microsoft windows xp professional',0),('mws-000020662','sharan-hp','6c:62:6d:cf:b8:fe','India','microsoft windows 7 professional',0),('MWS-000020593','EDP','6C626D515C13','India','Microsoft Windows NT 5.1.2600 Service Pack 3',25),('mws-000020532','ygreddy','00:1e:10:1f:de:57','India','microsoft windows xp professional',0),('mws-000020692','storesofficer','00:1d:92:ee:47:c2','India','microsoft windows xp professional',0),('mws-000020662','ramky-pm','00:24:1d:0e:c6:1d','India','microsoft windows xp professional',0),('mws-000020611','academy1','00:1c:bf:cf:41:d7','India','microsoft windows xp professional',0),('mws-000020692','cdpl-d9f02c5ea3','00:23:24:16:82:90','India','microsoft windows xp professional',0),('mws-000020692','cdpl-qc','00:19:db:bd:28:05','India','microsoft windows xp professional',0),('mws-000020532','mmbabu','c0:cb:38:1d:45:e4','India','microsoft windows 7 professional',0),('mws-000020611','iicss03','68:a3:c4:0c:9d:f1','India','microsoft windows 7 professional',0),('MWS-000020659','FACTORYSERVER','002481FC195B','India','Microsoft Windows NT 6.0.6002 Service Pack 2',0),('mws-000020620','mbb-spares','00:e0:4c:4d:1b:57','India','microsoft windows xp professional',0),('mws-000020532','ygreddy','00:1e:10:1f:5b:fc','India','microsoft windows xp professional',0),('mws-000020698','sherlina','00:1e:10:1f:5b:f9','Reserved','microsoft windows xp professional',0),('mws-000020695','sys','38:60:77:73:44:a3','India','microsoft windows xp professional',0),('mws-000020669','priya-pc','78:e7:d1:d6:19:d3','India','microsoft windows 7 ultimate',0),('mws-000020679','aublrpc027','00:0c:76:66:36:96','India','microsoft windows xp professional',0),('mws-000020532','tej','','India','microsoft windows 7 ultimate',0),('MWS-000020660','CGSFL-SRV','3860773BFF29','India','Microsoft Windows NT 5.1.2600 Service Pack 3',2),('mws-000020692','lakshman','00:19:db:e0:d3:16','India','',0),('mws-000020620','mlg','d2:e2:6e:60:1e:ca','India','microsoft windows xp professional',0),('mws-000020649','nicmar-pc','78:2b:cb:9c:f9:85','India','microsoft windows 7 professional',0),('MWS-000020595','AVSERVER','001E90BB1A13','India','Microsoft Windows NT 6.0.6002 Service Pack 2',154),('mws-000020532','scm','44:87:fc:92:5b:4a','India','microsoft windows xp professional',0),('mws-000020698','sherlina','00:1e:ec:62:3a:e4','India','microsoft windows xp professional',0),('indu','weighbridge','38:60:77:13:39:ce','India','microsoft windows xp professional',0),('mws-000020532','purchasetld','00:60:73:0b:48:8d','India','microsoft windows xp professional',0),('mws 000020667','appcbnzb-a78fa5','00:e0:4d:e4:71:f8','India','microsoft windows xp professional',0),('mws-000020611','iic90','08:11:96:c4:a6:d9','India','microsoft windows 7 professional',0),('mws-000020662','sai','6c:f0:49:14:0a:76','India','microsoft windows xp professional',0),('mws-000020618','cstljms','76:f1:a1:f1:6a:a3','India','microsoft windows 7 professional',0),('mws00020532','stores3','00:60:73:ee:2b:f7','India','microsoft windows xp professional',0),('mws-000020618','ravivishnu','88:53:2e:27:13:cb','India','microsoft windows 7 professional',0),('mws-000020611','iic11','5c:ac:4c:aa:84:9e','India','microsoft windows 7 professional',0),('mws-000020679','ault035','78:e4:00:58:e3:34','India','microsoft windows 7 professional',0),('mws000200532','mtstore1','00:60:73:e5:0f:af','India','microsoft windows xp professional',0),('mws-000020532','prasad','00:60:73:ea:a5:8f','India','microsoft windows xp professional',0),('mws 000020667','appcbnzb-5b1d8f','00:21:5a:be:4e:6a','India','microsoft windows xp professional',0),('mws-000020620','mtp-tm','00:27:0e:07:a5:90','India','microsoft windows xp professional',0),('mws-000020620','mnc-service','00:1c:c0:3d:a4:98','India','microsoft windows xp professional',0),('mws-000020692','madhukarreddy','00:22:68:e0:de:d1','India','microsoft windows xp professional',0),('mws-000020532','ashok','00:60:73:e9:31:8e','India','microsoft windows xp professional',0),('mws-000020679','ss-pc','14:fe:b5:ee:18:49','India','microsoft windows 7 professional',0),('MWS-000020355','RAVI-PC','00234E1AD762','India','Microsoft Windows NT 6.1.7600.0',0),('mws-000020613','iic1-','00:25:64:00:1b:9e','India','microsoft windows xp professional',0),('mws-000020620','vse-thrr','00:27:0e:25:d9:a4','India','microsoft windows xp professional',0),('mws-000020611','support','08:11:96:0c:fb:74','India','microsoft windows 7 professional',0),('mws-000020611','som','00:13:ce:52:e0:8e','India','microsoft windows xp professional',0),('mws-000020665','surender-pc','00:1c:bf:23:8e:7a','India','microsoft® windows vista™ business',0),('mws-000020662','hdc-grp-mfe-001','d4:85:64:58:4d:68','India','microsoft windows server 2008 r2 standard',0),('mws-000020532','erp1','00:60:73:e4:8b:ab','India','microsoft windows xp professional',0),('mws-000020532','nitinscm2','80:ee:73:15:9f:9e','India','microsoft windows xp professional',0),('mws-000020532','rajeshkhanna','00:60:73:e3:5a:60','India','microsoft windows xp professional',0),('mws-000020665','sbsmania-3a1c01','00:e0:4c:38:cf:be','India','microsoft windows xp professional',0),('mws-000020532','nisheet','1c:65:9d:ae:4a:c9','India','microsoft windows 7 professional',0),('mws-000020532','weighbridge','00:1e:90:ac:f3:17','India','microsoft windows xp professional',0),('mws-000020532','sandeep','c0:cb:38:1d:3a:0e','India','microsoft windows 7 professional',0),('pinki-wz-ril','pinkilal','00:1d:7d:be:ee:28','India','microsoft windows 7 professional',0),('mws-000020611','iic18','08:11:96:fa:50:1d','India','microsoft windows 7 professional',0),('mws-000020665','rama-pc','90:4c:e5:83:e9:bb','India','microsoft windows 7 starter',0),('mws-000020620','src-supervisor','00:e0:7c:7e:12:3e','India','microsoft windows xp professional',0),('mws-000020532','prasad-pc','78:2b:cb:97:29:6d','India','microsoft windows 7 professional',0),('mws-000020611','iic26','00:00:00:00:00:00','India','microsoft windows 7 professional',0),('mws-000020611','iic10','7c:e9:d3:0e:7f:75','India','microsoft windows 7 professional',0),('mws-000020662','ramkyit','00:21:97:32:a6:6a','India','microsoft windows xp professional',0),('mws-000020618','siva','ac:81:12:6f:13:a6','India','microsoft windows 7 professional',0),('mws-000020532','store1','00:60:73:e0:ae:7a','India','microsoft windows xp professional',0),('mws-000020532','indu-02','00:60:73:73:07:9e','India','microsoft windows xp professional',0),('mws-000020692','vvmccacc','00:40:05:74:d8:94','India','microsoft windows xp professional',0),('mws-000020613','hr','00:1c:c0:f2:38:ee','India','microsoft windows xp professional',0),('mws-000020532','dell','b8:ac:6f:a5:d6:f0','India','microsoft windows xp professional',0),('mws-000020658','rajinder','e0:2a:82:dc:b9:12','Gabon','microsoft windows 7 professional',0),('mws-000020532','koteswar','00:ff:e4:2f:fa:71','India','microsoft windows xp professional',0),('mws-000020611','iic99','58:94:6b:f2:04:bc','India','microsoft windows 7 professional',0),('mws-000020532','indu-6','78:2b:cb:97:13:29','India','microsoft windows xp professional',0),('mws-000020532','che-planning1','00:60:73:d5:10:f2','India','microsoft windows xp professional',0),('mws-000020666','skbhat','9c:b7:0d:8f:ef:52','India','microsoft windows 7 professional',0),('mws-000020618','bdm-deepmala','98:4b:e1:9f:14:08','India','microsoft windows 7 professional',0),('mws-000020662','sangeetharao','6c:62:6d:8c:14:69','India','microsoft windows xp professional',0),('mws-000020532','jp','00:60:73:e9:a8:ec','India','microsoft windows xp professional',0),('mws-000020611','sicom100','00:ff:b1:1a:22:24','India','microsoft windows xp professional',0),('mws-000020690','cie_cio_pc','00:1f:d0:44:cc:50','India','microsoft windows xp professional',0),('mws-000020532','korstore1','90:fb:a6:16:ab:bb','India','microsoft windows xp professional',0),('mws-000020613','iic20-','00:1c:c0:f2:fe:88','India','microsoft windows xp professional',0),('mws-000020532','maheshtld','00:14:85:ac:c1:a3','India','microsoft windows xp professional',0),('mws-000020532','jagabandhu','44:87:fc:93:b8:ca','India','microsoft windows xp professional',0),('mws-000020586','raomk','00:01:6c:9c:f8:be','India','microsoft® windows vista™ ultimate',0),('mws-000020532','hr','44:87:fc:93:7f:10','India','microsoft windows xp professional',0),('mws-000020669','balu','78:e7:d1:d6:19:fc','India','microsoft windows xp professional',0),('mws-000020532','jagabandhu','00:60:73:eb:7b:d5','India','microsoft windows xp professional',0),('mws-000020532','anwarpasha','00:22:5f:73:9c:bb','India','microsoft® windows vista™ business',0),('mws-000020532','koraccunts','00:14:85:ac:dc:d1','India','microsoft windows xp professional',0),('mws-000020532','ashok','b8:ac:6f:e4:02:f3','India','microsoft windows xp professional',0),('mws-000020532','ranjeet','44:87:fc:9b:a0:c0','India','microsoft windows xp professional',0),('induprojects','indu-planning','00:60:73:de:e3:94','India','microsoft windows xp professional',0),('mws-000020611','iicss99','8c:70:5a:09:d7:cc','India','microsoft windows 7 professional',0),('mws-000020662','rams-ril','5a:ac:4c:3d:5a:68','India','microsoft windows 7 professional',0),('mws-000020532','weighbridge','44:87:fc:92:58:1a','India','microsoft windows xp professional',0),('mws-000020650','ramky','00:16:d4:08:07:03','India','microsoft windows xp professional',0),('mws-000020532','vamsi-pc','00:00:00:00:00:00','India','microsoft windows 7 ultimate',0),('mws-000020532','indu-14','78:2b:cb:96:d3:86','India','microsoft windows xp professional',0),('mws00020532','store-c689998a0','00:60:73:e9:80:06','India','microsoft windows xp professional',0),('mws-000020532','tildahr','00:e0:4c:80:cd:5e','India','microsoft windows xp professional',0),('mws-000020620','wrg-accounts','00:1c:c0:d8:74:3a','India','microsoft windows xp professional',0),('mws-000020662','sai','02:80:37:ec:02:00','India','microsoft windows xp professional',0),('mws-000020532','siva','44:87:fc:93:b7:d3','India','microsoft windows xp professional',0),('mws-000020692','acts','00:1c:c0:4a:e4:0c','India','microsoft windows xp professional',0),('mws-000020532','rambabu','00:60:73:a4:f6:ff','India','microsoft windows xp professional',0),('mws-000020532','sbc-','00:e0:7c:7a:17:e4','India','microsoft windows xp professional',0),('ketan-wz-ril','ketanrathod','00:1d:7d:bf:13:1d','India','microsoft windows 7 professional',0),('mws-000020532','indu-10','00:60:73:dc:3c:ba','India','microsoft windows xp professional',0),('mws-000020532','maheshtld','00:60:73:f7:fb:f3','India','microsoft windows xp professional',0),('mws-000020611','iic15','64:27:37:ec:62:17','India','microsoft windows 7 professional',0),('mws-000020532','indu-01','00:60:73:11:d4:9a','India','microsoft windows xp professional',0),('mws-000020532','korstore5','00:60:73:f0:56:be','India','microsoft windows xp professional',0),('mws-000020532','shanmuka','00:60:73:ae:25:d7','India','microsoft windows xp professional',0),('mws-000020532','avserver','00:1e:90:bb:1a:13','India','microsoft® windows server® 2008 standard',0),('mws-000020532','tildaqs','b8:ac:6f:e3:fa:77','India','microsoft windows xp professional',0),('mws-000020532','nitinscm2','00:60:73:ac:3d:7e','India','microsoft windows xp professional',0),('mws-000020532','indu-11','44:37:e6:5a:c8:7d','India','microsoft windows xp professional',0),('mws-000020620','drm-spares','00:27:0e:31:66:9a','India','microsoft windows xp professional',0),('mws-000020532','tej','00:22:5f:62:2d:8e','India','microsoft windows 7 ultimate',0),('mws-000020666','admin-pc','74:e5:0b:24:d3:4f','India','microsoft windows 7 professional',0),('mws-000020532','industore','00:60:73:e4:d7:b1','India','microsoft windows xp professional',0),('mws-000020532','enggi','00:ff:04:40:3f:49','India','microsoft windows 7 professional',0),('mws-000020620','nsp-supervisor','00:27:0e:00:69:ef','India','microsoft windows xp professional',0),('mws-000020620','mtpl-d9cc844a35','00:1c:c0:9f:8d:4a','India','microsoft windows xp professional',0),('raj','bitsecurelabs','00:1c:bf:98:f9:ba','India','microsoft windows 7 ultimate',0),('mws-000020532','f94da0c192','e0:46:9a:0e:06:13','India','microsoft windows xp professional',0),('ajijayaraj-wz-ril','ajijayaraj-ril-','00:21:85:9d:3b:74','India','microsoft windows 7 professional',0),('mws-000020613','sys01','00:27:0e:18:18:3d','India','microsoft windows xp professional',0),('mws-000020692','curd-33500946b6','00:53:45:00:00:00','India','microsoft windows xp professional',0),('mws-00020665','sairam','44:87:fc:87:d7:49','India','microsoft windows xp professional',0),('mws-000020613','iic2000','00:22:fb:bf:96:de','India','microsoft windows xp professional',0),('mws-000020662','hdc-grp-mls-001','d6:85:64:5c:c7:24','India','microsoft windows server 2008 r2 enterprise',0),('mws-000020620','jng-accounts','00:27:0e:36:d0:4b','India','microsoft windows 7 ultimate',0),('mws-000020613','accounts','70:71:bc:9a:30:07','India','microsoft windows xp professional',0),('mws-000020666','glorious11','00:27:0e:03:bc:af','India','microsoft windows xp professional',0),('mws-000020620','hzb-accounts','70:71:bc:e8:9a:77','India','microsoft windows xp professional',0),('mws-000020620','wh-server','38:60:77:4e:ae:81','India','microsoft windows xp professional',0),('mws-000020662','hdc-grp-wbg-001','00:50:56:a1:0c:9a','India','microsoft windows server 2008 r2 standard',0),('mws-000020620','wrg-spares','38:60:77:7c:a8:9c','India','microsoft windows xp professional',0),('mws-000020620','hsb-spares','00:27:0e:31:66:57','India','microsoft windows xp professional',0),('mws-000020532','cheplanning-2','00:60:73:9a:4b:1c','India','microsoft windows xp professional',0),('mws00020532','mtstore2','00:15:58:d5:08:27','India','microsoft windows xp professional',0),('mws00020532','pandy-007','00:60:73:ef:99:9f','India','microsoft windows xp professional',0),('mws-000020611','job261b','f0:4d:a2:5c:4f:87','India','microsoft windows xp professional',0),('mws-000020620','supervisor','00:ff:a3:e2:f2:22','India','microsoft windows xp professional',0),('mws-000020613','iic','00:22:19:ef:d5:49','India','microsoft windows xp professional',0),('mws-000020620','grd-spares','38:60:77:72:06:55','India','microsoft windows xp professional',0),('mws-000020665','welcome-b420d6d','00:19:db:dc:2f:a8','India','microsoft windows xp professional',0),('mws-000020620','nsp-tm','00:27:0e:05:d6:3c','India','microsoft windows xp professional',0),('mws-000020611','derrick-iic','7e:e4:00:4c:c9:2c','United States','microsoft windows 7 professional',0),('mws-000020532','sasthidas','00:60:73:e1:27:00','India','microsoft windows xp professional',0),('mws-000020532','indu-4','00:60:73:01:3f:4c','India','microsoft windows xp professional',0),('scitech','scitech-server','00:0e:7f:ff:46:90','India','microsoft(r) windows(r) server 2003, standard edition',0),('mws-000020662','hdc-grp-mls-101','d6:85:64:5c:20:cc','India','microsoft windows server 2008 r2 enterprise',0),('mws-000020662','hdc-grp-bes-001','00:50:56:a1:0c:9b','India','microsoft windows server 2008 r2 standard',0),('mws-000020532','indu-3','00:60:73:80:2b:f2','India','microsoft windows xp professional',0),('pullareddy','pullareddy-reel','74:de:2b:ae:f6:d7','India','microsoft windows 7 professional',0),('mws-000020618','pns','18:f4:6a:b5:a9:fb','India','microsoft windows xp professional',0),('mws-000020662','hdc-grp-dbs-001','d4:85:64:5b:c9:20','India','microsoft windows server 2008 r2 standard',0),('mws-000020620','pdl-accounts','00:1c:c0:eb:95:b8','India','microsoft windows xp professional',0),('mws-000020662','hdc-grp-fls-001','d4:85:64:5b:3d:98','India','microsoft windows server 2008 r2 standard',0),('mws-000020620','pdl-supervisor','00:1c:c0:90:5f:18','India','microsoft windows xp professional',0),('mws-000020662','hdc-grp-sps-001','00:50:56:a1:3a:df','India','microsoft windows server 2008 r2 standard',0),('mws-000020532','it','78:2b:cb:96:e4:e9','India','microsoft windows 7 professional',0),('mws-000020662','hdc-grp-vts-001','00:50:56:a1:5b:de','India','microsoft windows server 2008 r2 standard',0),('mws-000020620','mlg-commercial','00:1c:c0:f0:35:97','India','microsoft windows xp professional',0),('mws-000020620','jng-service','00:1c:c0:d8:78:42','India','microsoft windows xp professional',0),('mws-000020666','anr','1c:af:f7:76:ae:8d','India','microsoft windows xp professional',0),('mws-000020532','hr','c8:9c:dc:32:b7:25','India','microsoft windows 7 ultimate',0),('mws-000020532','acer','00:1e:10:1f:3d:a8','India','microsoft windows xp professional',0),('mws-000020532','hse','44:87:fc:9b:cb:92','India','microsoft windows xp professional',0),('mws-000020662','hdc-grp-avs-001','00:50:56:a1:0c:96','India','microsoft windows server 2008 r2 standard',0),('mws-000020532','amd','00:60:73:e5:29:ef','India','microsoft windows xp professional',0),('mws-000020607','lenovosl400','00:26:18:94:55:fc','India','microsoft windows xp professional',0),('mws-000020532','indu-8','78:2b:cb:96:e1:8e','India','microsoft windows xp professional',0),('mws-000020613','sys1','70:71:bc:a7:3d:f6','India','microsoft windows xp professional',0),('mws-000020532','korbaerp4','00:1e:90:aa:d0:05','India','microsoft windows xp professional',0),('mws-000020620','pdl_spares','00:27:0e:31:66:9e','India','microsoft windows xp professional',0),('mws-000020681','ault004','c0:f8:da:5c:ef:93','India','microsoft windows 7 professional',0);
/*!40000 ALTER TABLE `client_info` ENABLE KEYS */;
UNLOCK TABLES;

--
-- Table structure for table `global_settings`
--

DROP TABLE IF EXISTS `global_settings`;
/*!40101 SET @saved_cs_client     = @@character_set_client */;
/*!40101 SET character_set_client = utf8 */;
CREATE TABLE `global_settings` (
  `name` char(20) NOT NULL,
  `value` text,
  PRIMARY KEY (`name`)
) ENGINE=InnoDB DEFAULT CHARSET=latin1;
/*!40101 SET character_set_client = @saved_cs_client */;

--
-- Dumping data for table `global_settings`
--

LOCK TABLES `global_settings` WRITE;
/*!40000 ALTER TABLE `global_settings` DISABLE KEYS */;
/*!40000 ALTER TABLE `global_settings` ENABLE KEYS */;
UNLOCK TABLES;

--
-- Table structure for table `sessions`
--

DROP TABLE IF EXISTS `sessions`;
/*!40101 SET @saved_cs_client     = @@character_set_client */;
/*!40101 SET character_set_client = utf8 */;
CREATE TABLE `sessions` (
  `id` varchar(8) NOT NULL DEFAULT '0',
  `created` int(10) unsigned NOT NULL DEFAULT '0',
  `stamp` int(10) unsigned NOT NULL DEFAULT '0',
  `uid` int(10) unsigned NOT NULL DEFAULT '0',
  `ip` varchar(15) NOT NULL DEFAULT '',
  `browser` varchar(255) NOT NULL DEFAULT '',
  PRIMARY KEY (`id`)
) ENGINE=MyISAM DEFAULT CHARSET=utf8;
/*!40101 SET character_set_client = @saved_cs_client */;

--
-- Dumping data for table `sessions`
--

LOCK TABLES `sessions` WRITE;
/*!40000 ALTER TABLE `sessions` DISABLE KEYS */;
INSERT INTO `sessions` VALUES ('845825ce',1337685337,0,20587,'122.169.149.65','Mozilla/5.0 (Windows NT 6.0; rv:12.0) Gecko/20100101 Firefox/12.0'),('651402a6',1337683099,0,20348,'122.169.149.65','Mozilla/4.0 (compatible; MSIE 8.0; Windows NT 5.1; Trident/4.0; BTRS122291; GTB7.3; .NET CLR 1.1.4322; .NET CLR 2.0.50727; .NET CLR 3.0.4506.2152; .NET CLR 3.5.30729)'),('2b297ce9',1337665395,0,20348,'122.169.149.65','Mozilla/4.0 (compatible; MSIE 8.0; Windows NT 5.1; Trident/4.0; BTRS122291; GTB7.3; .NET CLR 1.1.4322; .NET CLR 2.0.50727; .NET CLR 3.0.4506.2152; .NET CLR 3.5.30729)'),('eba692cd',1337406803,0,1,'122.169.248.253','Mozilla/5.0 (Windows NT 6.1; rv:12.0) Gecko/20100101 Firefox/12.0'),('748dbb2c',1337327591,1337327762,20348,'122.169.160.17','Mozilla/4.0 (compatible; MSIE 8.0; Windows NT 5.1; Trident/4.0; BTRS122291; GTB7.3; .NET CLR 1.1.4322; .NET CLR 2.0.50727; .NET CLR 3.0.4506.2152; .NET CLR 3.5.30729)'),('e2306404',1337321210,1337321224,20348,'122.169.160.17','Mozilla/4.0 (compatible; MSIE 8.0; Windows NT 5.1; Trident/4.0; BTRS122291; GTB7.3; .NET CLR 1.1.4322; .NET CLR 2.0.50727; .NET CLR 3.0.4506.2152; .NET CLR 3.5.30729)'),('ee8a8de8',1337169969,0,20565,'182.18.184.2','Mozilla/5.0 (Windows NT 5.1; rv:12.0) Gecko/20100101 Firefox/12.0'),('2b3e8219',1336636873,1336636945,20348,'122.169.166.92','Mozilla/4.0 (compatible; MSIE 8.0; Windows NT 5.1; Trident/4.0; BTRS122291; GTB7.3; .NET CLR 1.1.4322; .NET CLR 2.0.50727; .NET CLR 3.0.4506.2152; .NET CLR 3.5.30729)'),('affe2fef',1336636730,0,20348,'122.169.166.92','Mozilla/4.0 (compatible; MSIE 8.0; Windows NT 5.1; Trident/4.0; BTRS122291; GTB7.3; .NET CLR 1.1.4322; .NET CLR 2.0.50727; .NET CLR 3.0.4506.2152; .NET CLR 3.5.30729)'),('16f68639',1336635412,0,20348,'122.169.166.92','Mozilla/4.0 (compatible; MSIE 8.0; Windows NT 5.1; Trident/4.0; BTRS122291; GTB7.3; .NET CLR 1.1.4322; .NET CLR 2.0.50727; .NET CLR 3.0.4506.2152; .NET CLR 3.5.30729)'),('a5d9be1b',1336633247,1336633321,20587,'122.169.166.92','Mozilla/5.0 (Windows NT 6.0; rv:12.0) Gecko/20100101 Firefox/12.0'),('089aa2c2',1336632894,0,20587,'122.169.166.92','Mozilla/5.0 (Windows NT 6.0; rv:12.0) Gecko/20100101 Firefox/12.0'),('4ddbfdfd',1336543968,0,20348,'122.169.166.92','Mozilla/4.0 (compatible; MSIE 8.0; Windows NT 5.1; Trident/4.0; BTRS122291; GTB7.3; .NET CLR 1.1.4322; .NET CLR 2.0.50727; .NET CLR 3.0.4506.2152; .NET CLR 3.5.30729)'),('03d827cc',1336543418,1336543465,20348,'122.169.166.92','Mozilla/4.0 (compatible; MSIE 8.0; Windows NT 5.1; Trident/4.0; BTRS122291; GTB7.3; .NET CLR 1.1.4322; .NET CLR 2.0.50727; .NET CLR 3.0.4506.2152; .NET CLR 3.5.30729)'),('812c5ffa',1336542446,0,20587,'122.169.166.92','Mozilla/5.0 (Windows NT 6.0; rv:12.0) Gecko/20100101 Firefox/12.0'),('f6337e2e',1336459460,0,20348,'122.169.166.92','Mozilla/4.0 (compatible; MSIE 8.0; Windows NT 5.1; Trident/4.0; BTRS122291; GTB7.3; .NET CLR 1.1.4322; .NET CLR 2.0.50727; .NET CLR 3.0.4506.2152; .NET CLR 3.5.30729)'),('c1a41354',1336394154,0,20565,'106.208.75.41','Mozilla/5.0 (iPad; CPU OS 5_0_1 like Mac OS X) AppleWebKit/534.46 (KHTML, like Gecko) Version/5.1 Mobile/9A405 Safari/7534.48.3'),('c82b66a8',1336197422,0,20587,'122.169.164.140','Mozilla/5.0 (Windows NT 6.0; rv:12.0) Gecko/20100101 Firefox/12.0'),('c3b29b9f',1336211900,0,1,'122.169.248.253','Mozilla/5.0 (Windows; U; Windows NT 6.1; en-US; rv:1.9.2.28) Gecko/20120306 Firefox/3.6.28'),('9429bdcf',1336194102,0,1,'122.169.248.253','Mozilla/5.0 (Windows; U; Windows NT 6.1; en-US; rv:1.9.2.28) Gecko/20120306 Firefox/3.6.28'),('7869c70d',1336041175,0,20348,'106.207.126.195','Mozilla/4.0 (compatible; MSIE 7.0; Windows NT 5.1; .NET CLR 2.0.50727; .NET CLR 3.0.04506.30; .NET CLR 3.0.4506.2152; .NET CLR 3.5.30729)'),('99ffe1ad',1335968117,0,1,'122.169.248.253','Mozilla/5.0 (Windows; U; Windows NT 6.1; en-US; rv:1.9.2.28) Gecko/20120306 Firefox/3.6.28'),('887d3356',1335950137,0,1,'122.169.248.253','Mozilla/5.0 (Windows; U; Windows NT 6.1; en-US; rv:1.9.2.28) Gecko/20120306 Firefox/3.6.28'),('a21f755f',1335867691,0,20348,'122.169.134.132','Mozilla/4.0 (compatible; MSIE 8.0; Windows NT 5.1; Trident/4.0; BTRS122291; GTB7.3; .NET CLR 1.1.4322; .NET CLR 2.0.50727; .NET CLR 3.0.4506.2152; .NET CLR 3.5.30729)'),('a5182d97',1335862808,0,20348,'122.169.134.132','Mozilla/4.0 (compatible; MSIE 8.0; Windows NT 5.1; Trident/4.0; BTRS122291; GTB7.3; .NET CLR 1.1.4322; .NET CLR 2.0.50727; .NET CLR 3.0.4506.2152; .NET CLR 3.5.30729)'),('3f4bfa2c',1335716043,0,1,'122.169.248.253','Mozilla/5.0 (Windows; U; Windows NT 6.1; en-US; rv:1.9.2.28) Gecko/20120306 Firefox/3.6.28'),('0dfcce3a',1335798265,0,1,'122.169.248.253','Mozilla/5.0 (Windows; U; Windows NT 6.1; en-US; rv:1.9.2.28) Gecko/20120306 Firefox/3.6.28'),('adee6473',1335633030,0,1,'122.169.248.253','Mozilla/5.0 (Windows; U; Windows NT 6.1; en-US; rv:1.9.2.28) Gecko/20120306 Firefox/3.6.28'),('ec65873f',1335418280,0,1,'122.169.248.253','Mozilla/5.0 (Windows; U; Windows NT 6.1; en-US; rv:1.9.2.28) Gecko/20120306 Firefox/3.6.28'),('ac895311',1335387132,0,1,'106.208.0.154','Mozilla/5.0 (iPad; CPU OS 5_0_1 like Mac OS X) AppleWebKit/534.46 (KHTML, like Gecko) Version/5.1 Mobile/9A405 Safari/7534.48.3'),('d0a2a0d8',1335357256,0,1,'122.169.248.253','Mozilla/5.0 (Windows; U; Windows NT 6.1; en-US; rv:1.9.2.28) Gecko/20120306 Firefox/3.6.28'),('57d1d2ec',1335347108,0,20348,'122.169.130.200','Mozilla/4.0 (compatible; MSIE 8.0; Windows NT 5.1; Trident/4.0; BTRS122291; GTB7.3; .NET CLR 1.1.4322; .NET CLR 2.0.50727; .NET CLR 3.0.4506.2152; .NET CLR 3.5.30729)'),('88cde8f6',1335253194,0,1,'106.206.150.193','Mozilla/5.0 (iPad; CPU OS 5_0_1 like Mac OS X) AppleWebKit/534.46 (KHTML, like Gecko) Version/5.1 Mobile/9A405 Safari/7534.48.3'),('afd69393',1335207734,0,1,'106.206.122.29','Mozilla/5.0 (iPad; CPU OS 5_0_1 like Mac OS X) AppleWebKit/534.46 (KHTML, like Gecko) Version/5.1 Mobile/9A405 Safari/7534.48.3'),('e60b9cae',1335187832,0,1,'122.169.248.253','Mozilla/5.0 (Windows; U; Windows NT 6.1; en-US; rv:1.9.2.28) Gecko/20120306 Firefox/3.6.28'),('5e38c656',1335164993,0,1,'122.169.248.253','Mozilla/5.0 (Windows; U; Windows NT 6.1; en-US; rv:1.9.2.28) Gecko/20120306 Firefox/3.6.28'),('a1b1d341',1335122132,0,1,'106.206.122.29','Mozilla/5.0 (iPad; CPU OS 5_0_1 like Mac OS X) AppleWebKit/534.46 (KHTML, like Gecko) Version/5.1 Mobile/9A405 Safari/7534.48.3'),('043c53b6',1335122131,1335122131,1,'106.206.122.29','Mozilla/5.0 (iPad; CPU OS 5_0_1 like Mac OS X) AppleWebKit/534.46 (KHTML, like Gecko) Version/5.1 Mobile/9A405 Safari/7534.48.3'),('1294bfa4',1335092882,0,1,'106.206.122.29','Mozilla/5.0 (iPad; CPU OS 5_0_1 like Mac OS X) AppleWebKit/534.46 (KHTML, like Gecko) Version/5.1 Mobile/9A405 Safari/7534.48.3'),('4bcab304',1335020092,0,1,'122.169.248.253','Mozilla/5.0 (Windows; U; Windows NT 6.1; en-US; rv:1.9.2.28) Gecko/20120306 Firefox/3.6.28'),('c05a1d82',1334999914,0,1,'122.169.248.253','Mozilla/5.0 (Windows; U; Windows NT 6.1; en-US; rv:1.9.2.28) Gecko/20120306 Firefox/3.6.28'),('877f0d05',1335002636,0,1,'122.169.248.253','Mozilla/5.0 (Windows; U; Windows NT 6.1; en-US; rv:1.9.2.28) Gecko/20120306 Firefox/3.6.28'),('ed3e0e50',1334998332,0,1,'122.169.248.253','Mozilla/5.0 (Windows; U; Windows NT 6.1; en-US; rv:1.9.2.28) Gecko/20120306 Firefox/3.6.28'),('d0d4ad3d',1334987378,0,1,'122.169.248.253','Mozilla/5.0 (Windows; U; Windows NT 6.1; en-US; rv:1.9.2.28) Gecko/20120306 Firefox/3.6.28'),('ae8fce9b',1334986648,0,1,'122.169.248.253','Mozilla/5.0 (Windows; U; Windows NT 6.1; en-US; rv:1.9.2.28) Gecko/20120306 Firefox/3.6.28'),('ceb43eb8',1334934985,0,1,'122.169.248.253','Mozilla/5.0 (Windows; U; Windows NT 6.1; en-US; rv:1.9.2.28) Gecko/20120306 Firefox/3.6.28'),('4681eaf0',1334948898,0,1,'106.206.251.29','Mozilla/5.0 (iPad; CPU OS 5_0_1 like Mac OS X) AppleWebKit/534.46 (KHTML, like Gecko) Version/5.1 Mobile/9A405 Safari/7534.48.3'),('e5b05621',1334928534,0,1,'122.169.248.253','Mozilla/5.0 (Windows; U; Windows NT 6.1; en-US; rv:1.9.2.28) Gecko/20120306 Firefox/3.6.28'),('9824b3c4',1334923304,0,1,'122.169.248.253','Mozilla/5.0 (Windows; U; Windows NT 6.1; en-US; rv:1.9.2.28) Gecko/20120306 Firefox/3.6.28'),('703000a2',1334923920,0,1,'122.169.248.253','Mozilla/5.0 (Windows; U; Windows NT 6.1; en-US; rv:1.9.2.28) Gecko/20120306 Firefox/3.6.28'),('0668a318',1334921615,0,20348,'122.169.150.191','Mozilla/4.0 (compatible; MSIE 8.0; Windows NT 5.1; Trident/4.0; BTRS122291; GTB7.3; .NET CLR 1.1.4322; .NET CLR 2.0.50727; .NET CLR 3.0.4506.2152; .NET CLR 3.5.30729)'),('dbea1c6b',1334920343,0,1,'122.169.248.253','Mozilla/5.0 (Windows; U; Windows NT 6.1; en-US; rv:1.9.2.28) Gecko/20120306 Firefox/3.6.28'),('60002b62',1334909289,0,1,'122.169.248.253','Mozilla/5.0 (Windows; U; Windows NT 6.1; en-US; rv:1.9.2.28) Gecko/20120306 Firefox/3.6.28'),('bb5e3795',1334851713,0,1,'122.169.248.253','Mozilla/5.0 (Windows; U; Windows NT 6.1; en-US; rv:1.9.2.28) Gecko/20120306 Firefox/3.6.28'),('98ced9b3',1334821432,0,1,'122.169.248.253','Mozilla/5.0 (Windows; U; Windows NT 6.1; en-US; rv:1.9.2.28) Gecko/20120306 Firefox/3.6.28'),('0442c296',1334812343,0,1,'122.169.248.253','Mozilla/5.0 (Windows; U; Windows NT 6.1; en-US; rv:1.9.2.28) Gecko/20120306 Firefox/3.6.28'),('71c96f34',1334763450,0,1,'122.169.248.253','Mozilla/5.0 (Windows; U; Windows NT 6.1; en-US; rv:1.9.2.28) Gecko/20120306 Firefox/3.6.28'),('8dd217d4',1334758393,0,1,'122.169.248.253','Mozilla/5.0 (Windows; U; Windows NT 6.1; en-US; rv:1.9.2.28) Gecko/20120306 Firefox/3.6.28'),('1f140cbd',1334745133,0,1,'122.169.248.253','Mozilla/5.0 (Windows; U; Windows NT 6.1; en-US; rv:1.9.2.28) Gecko/20120306 Firefox/3.6.28'),('b626c144',1334724928,0,20348,'122.169.133.79','Mozilla/4.0 (compatible; MSIE 8.0; Windows NT 5.1; Trident/4.0; BTRS122291; GTB7.3; .NET CLR 1.1.4322; .NET CLR 2.0.50727; .NET CLR 3.0.4506.2152; .NET CLR 3.5.30729)'),('5d9c369d',1334646982,1334647413,20348,'122.169.133.90','Mozilla/4.0 (compatible; MSIE 8.0; Windows NT 5.1; Trident/4.0; BTRS122291; GTB7.3; .NET CLR 1.1.4322; .NET CLR 2.0.50727; .NET CLR 3.0.4506.2152; .NET CLR 3.5.30729)'),('e10df68f',1334645886,1334645910,20348,'122.169.133.90','Mozilla/4.0 (compatible; MSIE 8.0; Windows NT 5.1; Trident/4.0; BTRS122291; GTB7.3; .NET CLR 1.1.4322; .NET CLR 2.0.50727; .NET CLR 3.0.4506.2152; .NET CLR 3.5.30729)'),('479a00a8',1334645786,0,20348,'122.169.133.90','Mozilla/4.0 (compatible; MSIE 8.0; Windows NT 5.1; Trident/4.0; BTRS122291; GTB7.3; .NET CLR 1.1.4322; .NET CLR 2.0.50727; .NET CLR 3.0.4506.2152; .NET CLR 3.5.30729)'),('56fda355',1334644533,0,20348,'122.169.133.90','Mozilla/4.0 (compatible; MSIE 8.0; Windows NT 5.1; Trident/4.0; BTRS122291; GTB7.3; .NET CLR 1.1.4322; .NET CLR 2.0.50727; .NET CLR 3.0.4506.2152; .NET CLR 3.5.30729)'),('f7cfdc8a',1334644206,0,20348,'122.169.133.90','Mozilla/4.0 (compatible; MSIE 8.0; Windows NT 5.1; Trident/4.0; BTRS122291; GTB7.3; .NET CLR 1.1.4322; .NET CLR 2.0.50727; .NET CLR 3.0.4506.2152; .NET CLR 3.5.30729)'),('e25aed46',1334644110,0,20348,'122.169.133.90','Mozilla/4.0 (compatible; MSIE 8.0; Windows NT 5.1; Trident/4.0; BTRS122291; GTB7.3; .NET CLR 1.1.4322; .NET CLR 2.0.50727; .NET CLR 3.0.4506.2152; .NET CLR 3.5.30729)'),('b5636b9d',1334642569,0,20348,'122.169.133.90','Mozilla/4.0 (compatible; MSIE 8.0; Windows NT 5.1; Trident/4.0; BTRS122291; GTB7.3; .NET CLR 1.1.4322; .NET CLR 2.0.50727; .NET CLR 3.0.4506.2152; .NET CLR 3.5.30729)'),('aaf0ee84',1334642370,1334642387,20348,'122.169.133.90','Mozilla/4.0 (compatible; MSIE 8.0; Windows NT 5.1; Trident/4.0; BTRS122291; GTB7.3; .NET CLR 1.1.4322; .NET CLR 2.0.50727; .NET CLR 3.0.4506.2152; .NET CLR 3.5.30729)'),('2ce18d27',1334638240,0,1,'122.169.248.253','Mozilla/5.0 (Windows; U; Windows NT 6.1; en-US; rv:1.9.2.28) Gecko/20120306 Firefox/3.6.28'),('2bbded26',1334559390,0,1,'122.169.248.253','Mozilla/5.0 (Windows; U; Windows NT 6.1; en-US; rv:1.9.2.28) Gecko/20120306 Firefox/3.6.28'),('ad571238',1334564200,0,1,'122.169.248.253','Mozilla/5.0 (Windows; U; Windows NT 6.1; en-US; rv:1.9.2.28) Gecko/20120306 Firefox/3.6.28'),('0c27aabc',1334554660,0,1,'122.169.248.253','Mozilla/5.0 (Windows; U; Windows NT 6.1; en-US; rv:1.9.2.28) Gecko/20120306 Firefox/3.6.28'),('29ec9a33',1334546133,0,1,'122.169.248.253','Mozilla/5.0 (Windows; U; Windows NT 6.1; en-US; rv:1.9.2.28) Gecko/20120306 Firefox/3.6.28'),('9e131045',1334377682,0,1,'122.169.248.253','Mozilla/5.0 (Windows; U; Windows NT 6.1; en-US; rv:1.9.2.28) Gecko/20120306 Firefox/3.6.28'),('f2f3daa0',1334329473,0,1,'122.169.248.253','Mozilla/5.0 (Windows; U; Windows NT 6.1; en-US; rv:1.9.2.28) Gecko/20120306 Firefox/3.6.28'),('4699efad',1334333369,0,1,'122.169.248.253','Mozilla/5.0 (Windows; U; Windows NT 6.1; en-US; rv:1.9.2.28) Gecko/20120306 Firefox/3.6.28'),('cfd44f84',1334327816,0,1,'122.169.248.253','Mozilla/5.0 (Windows; U; Windows NT 6.1; en-US; rv:1.9.2.28) Gecko/20120306 Firefox/3.6.28'),('73a5fd62',1334317277,0,1,'122.169.248.253','Mozilla/5.0 (Windows; U; Windows NT 6.1; en-US; rv:1.9.2.28) Gecko/20120306 Firefox/3.6.28'),('8f77f155',1334316276,0,1,'122.169.248.253','Mozilla/5.0 (Windows; U; Windows NT 6.1; en-US; rv:1.9.2.28) Gecko/20120306 Firefox/3.6.28'),('58667c17',1334311190,0,1,'122.169.248.253','Mozilla/5.0 (Windows; U; Windows NT 6.1; en-US; rv:1.9.2.28) Gecko/20120306 Firefox/3.6.28'),('44b74f66',1334302141,0,1,'122.169.248.253','Mozilla/5.0 (Windows; U; Windows NT 6.1; en-US; rv:1.9.2.28) Gecko/20120306 Firefox/3.6.28'),('a7c2b8a4',1334300416,0,1,'122.169.248.253','Mozilla/5.0 (Windows; U; Windows NT 6.1; en-US; rv:1.9.2.28) Gecko/20120306 Firefox/3.6.28'),('c7d3a7f2',1334299599,0,1,'122.169.248.253','Mozilla/5.0 (Windows; U; Windows NT 6.1; en-US; rv:1.9.2.28) Gecko/20120306 Firefox/3.6.28'),('0e28a156',1334297374,0,1,'122.169.248.253','Mozilla/5.0 (Windows; U; Windows NT 6.1; en-US; rv:1.9.2.28) Gecko/20120306 Firefox/3.6.28'),('659b62dc',1334291769,0,1,'122.169.248.253','Mozilla/5.0 (Windows; U; Windows NT 6.1; en-US; rv:1.9.2.28) Gecko/20120306 Firefox/3.6.28'),('3b1147e9',1334252699,0,1,'106.208.64.37','Mozilla/5.0 (iPad; CPU OS 5_0_1 like Mac OS X) AppleWebKit/534.46 (KHTML, like Gecko) Version/5.1 Mobile/9A405 Safari/7534.48.3'),('d6502bd0',1334246354,0,1,'122.169.248.253','Mozilla/5.0 (Windows; U; Windows NT 6.1; en-US; rv:1.9.2.28) Gecko/20120306 Firefox/3.6.28'),('7a264ed8',1334238159,0,1,'122.169.248.253','Mozilla/5.0 (Windows; U; Windows NT 6.1; en-US; rv:1.9.2.28) Gecko/20120306 Firefox/3.6.28'),('48b74ec4',1334230600,0,1,'122.169.248.253','Mozilla/5.0 (Windows; U; Windows NT 6.1; en-US; rv:1.9.2.28) Gecko/20120306 Firefox/3.6.28'),('35fec06b',1334228913,0,1,'122.169.248.253','Mozilla/5.0 (Windows; U; Windows NT 6.1; en-US; rv:1.9.2.28) Gecko/20120306 Firefox/3.6.28'),('eb0370e3',1334213833,0,20348,'122.169.153.83','Mozilla/4.0 (compatible; MSIE 8.0; Windows NT 5.1; Trident/4.0; BTRS122291; GTB7.3; .NET CLR 1.1.4322; .NET CLR 2.0.50727; .NET CLR 3.0.4506.2152; .NET CLR 3.5.30729)'),('ceeae72f',1334213751,0,1,'122.169.248.253','Mozilla/5.0 (Windows; U; Windows NT 6.1; en-US; rv:1.9.2.28) Gecko/20120306 Firefox/3.6.28'),('7b0237fe',1334208287,0,1,'122.169.248.253','Mozilla/5.0 (Windows; U; Windows NT 6.1; en-US; rv:1.9.2.28) Gecko/20120306 Firefox/3.6.28'),('efaaad1b',1334156971,0,1,'122.169.248.253','Mozilla/5.0 (Windows; U; Windows NT 6.1; en-US; rv:1.9.2.28) Gecko/20120306 Firefox/3.6.28'),('d5ca7912',1334156060,0,1,'122.169.248.253','Mozilla/5.0 (Windows; U; Windows NT 6.1; en-US; rv:1.9.2.28) Gecko/20120306 Firefox/3.6.28'),('e64cddb7',1334146076,0,1,'122.169.248.253','Mozilla/5.0 (Windows; U; Windows NT 6.1; en-US; rv:1.9.2.28) Gecko/20120306 Firefox/3.6.28'),('69983494',1334143833,0,1,'122.169.248.253','Mozilla/5.0 (Windows; U; Windows NT 6.1; en-US; rv:1.9.2.28) Gecko/20120306 Firefox/3.6.28'),('3778a604',1334140525,0,1,'122.169.248.253','Mozilla/5.0 (Windows; U; Windows NT 6.1; en-US; rv:1.9.2.28) Gecko/20120306 Firefox/3.6.28'),('39c700b9',1334126549,0,1,'122.169.248.253','Mozilla/5.0 (Windows; U; Windows NT 6.1; en-US; rv:1.9.2.28) Gecko/20120306 Firefox/3.6.28'),('c9087843',1334071317,0,1,'122.169.248.253','Mozilla/5.0 (Windows; U; Windows NT 6.1; en-US; rv:1.9.2.28) Gecko/20120306 Firefox/3.6.28'),('a4789e52',1333780758,1333781495,20587,'122.169.154.52','Mozilla/5.0 (Windows NT 6.0; rv:11.0) Gecko/20100101 Firefox/11.0'),('b9834b2d',1333955482,0,1,'122.169.248.253','Mozilla/5.0 (Windows; U; Windows NT 6.1; en-US; rv:1.9.2.28) Gecko/20120306 Firefox/3.6.28'),('97d72b10',1333773553,0,20587,'122.169.154.52','Mozilla/5.0 (Windows NT 6.0; rv:11.0) Gecko/20100101 Firefox/11.0'),('f8a276cd',1333533161,0,1,'122.169.248.253','Mozilla/5.0 (Windows; U; Windows NT 6.1; en-US; rv:1.9.2.28) Gecko/20120306 Firefox/3.6.28'),('e4c584f9',1333536146,0,1,'122.169.248.253','Mozilla/5.0 (Windows; U; Windows NT 6.1; en-US; rv:1.9.2.28) Gecko/20120306 Firefox/3.6.28'),('0f84b9a1',1333104610,0,20587,'122.169.177.68','Mozilla/5.0 (Windows NT 6.0; rv:11.0) Gecko/20100101 Firefox/11.0'),('46ca7c2b',1332930001,0,20587,'122.169.139.91','Mozilla/5.0 (Windows NT 6.0; rv:11.0) Gecko/20100101 Firefox/11.0'),('53dc518e',1332835450,0,1,'122.169.248.253','Mozilla/5.0 (Windows; U; Windows NT 6.1; en-US; rv:1.9.2.28) Gecko/20120306 Firefox/3.6.28'),('75bbacc8',1332835031,0,20587,'122.169.166.85','Mozilla/5.0 (Windows NT 6.0; rv:11.0) Gecko/20100101 Firefox/11.0'),('a4bfedc7',1332834677,0,20587,'122.169.166.85','Mozilla/5.0 (Windows NT 6.0; rv:11.0) Gecko/20100101 Firefox/11.0'),('07492777',1332834318,0,20565,'122.169.248.253','Mozilla/5.0 (Windows; U; Windows NT 6.1; en-US; rv:1.9.2.28) Gecko/20120306 Firefox/3.6.28'),('72e5c69c',1331962561,1331962600,1,'122.169.248.253','Mozilla/5.0 (Windows; U; Windows NT 6.1; en-US; rv:1.9.2.28) Gecko/20120306 Firefox/3.6.28'),('5c62b991',1331964758,0,20587,'122.169.162.105','Mozilla/5.0 (Windows NT 6.0; rv:10.0.2) Gecko/20100101 Firefox/10.0.2'),('ff589d45',1331966057,1331966767,20587,'122.169.162.105','Mozilla/5.0 (Windows NT 6.0; rv:10.0.2) Gecko/20100101 Firefox/10.0.2'),('86abacf2',1331966085,0,1,'122.169.248.253','Mozilla/5.0 (Windows; U; Windows NT 6.1; en-US; rv:1.9.2.28) Gecko/20120306 Firefox/3.6.28'),('4aac6704',1332223899,0,20348,'122.169.147.71','Mozilla/4.0 (compatible; MSIE 8.0; Windows NT 5.1; Trident/4.0; BTRS122291; GTB7.3; .NET CLR 1.1.4322; .NET CLR 2.0.50727; .NET CLR 3.0.4506.2152; .NET CLR 3.5.30729)'),('33a07066',1332305959,0,20348,'122.169.128.58','Mozilla/4.0 (compatible; MSIE 8.0; Windows NT 5.1; Trident/4.0; BTRS122291; GTB7.3; .NET CLR 1.1.4322; .NET CLR 2.0.50727; .NET CLR 3.0.4506.2152; .NET CLR 3.5.30729)'),('7437479a',1332788153,1332788178,20565,'106.208.97.242','Mozilla/5.0 (Linux; U; Android 2.3.3; en-in; HTC_Salsa_C510e Build/GRI40) AppleWebKit/533.1 (KHTML, like Gecko) Version/4.0 Mobile Safari/533.1'),('1bb50a8c',1332788259,1332788282,20565,'106.208.97.242','Mozilla/5.0 (Linux; U; Android 2.3.3; en-in; HTC_Salsa_C510e Build/GRI40) AppleWebKit/533.1 (KHTML, like Gecko) Version/4.0 Mobile Safari/533.1'),('c4d8825a',1332816204,0,1,'122.169.248.253','Mozilla/5.0 (Windows; U; Windows NT 6.1; en-US; rv:1.9.2.28) Gecko/20120306 Firefox/3.6.28');
/*!40000 ALTER TABLE `sessions` ENABLE KEYS */;
UNLOCK TABLES;

--
-- Table structure for table `users`
--

DROP TABLE IF EXISTS `users`;
/*!40101 SET @saved_cs_client     = @@character_set_client */;
/*!40101 SET character_set_client = utf8 */;
CREATE TABLE `users` (
  `id` int(10) unsigned NOT NULL AUTO_INCREMENT,
  `created` int(10) NOT NULL DEFAULT '0',
  `activated` int(10) unsigned NOT NULL DEFAULT '0',
  `life` int(10) unsigned NOT NULL DEFAULT '0',
  `user` varchar(255) NOT NULL DEFAULT '',
  `pass` varchar(255) NOT NULL DEFAULT '',
  `name` varchar(255) NOT NULL DEFAULT '',
  `email` varchar(255) NOT NULL DEFAULT '',
  `level` int(1) NOT NULL DEFAULT '0',
  `status` int(1) unsigned NOT NULL DEFAULT '0',
  `ip` varchar(15) NOT NULL DEFAULT '',
  `lic_type` int(11) DEFAULT NULL,
  `seats` int(11) DEFAULT NULL,
  PRIMARY KEY (`id`)
) ENGINE=MyISAM AUTO_INCREMENT=20709 DEFAULT CHARSET=utf8;
/*!40101 SET character_set_client = @saved_cs_client */;

--
-- Dumping data for table `users`
--

LOCK TABLES `users` WRITE;
/*!40000 ALTER TABLE `users` DISABLE KEYS */;
INSERT INTO `users` VALUES (1,1292336627,1328687053,0,'admin','oarrajadmin','ADMIN','sj@bitsecurelabs.com',9,0,'',NULL,NULL),(20316,1297229593,1317308767,26784000,'MWS-000020316','8f9ec339','','',0,0,'122.169.248.253',NULL,NULL),(20315,1297229593,0,31536000,'MWS-000020315','a3cf7356','','',0,0,'122.169.248.253',NULL,NULL),(20585,1324710670,1324725797,2592000,'MWS-000020585','ba3143d1','raj','ascoolaswater@gmail.com',0,0,'122.169.147.244',0,1),(20314,1297229592,0,31536000,'MWS-000020314','970fef59','','',0,0,'122.169.248.253',NULL,NULL),(20646,1326348947,1326349047,31536000,'MWS-000020646','71ecd901','vamsi server license','vamsi@patent-art.com',0,0,'122.169.248.253',0,5),(20692,1332834748,1332834829,16156800,'MWS-000020692','c8c8fa45','Creamline Dairy Products','itservices@creamlinedairy.com',0,0,'122.169.166.85',0,35),(104,1294385606,0,7776000,'MWS-000000104','5d097ec3','RS Solution','raomk@rs-solutions.in',0,0,'122.169.177.191',NULL,NULL),(20344,1297229868,1297230863,30153600,'MWS-000020344','6ac9a36a','Ramky Dundigal','siraj@ramky.com',0,0,'122.169.248.253',NULL,NULL),(20346,1297355599,1297356385,30412800,'MWS-000020346','3c2a8cb1','Lee Pharma Limited','it@leepharma.com',0,0,'59.93.70.246',NULL,NULL),(20348,1300788768,1300788767,98064000,'sherlina','a2geminib4sherlinac6','sherlina','sherlina@rs-solutions.in',8,0,'122.169.208.66',NULL,NULL),(20351,1302763486,1302763497,31536000,'rssolutions','rssolutions','jairaj','sj@rs-solutions.in',0,1,'203.199.187.29',NULL,NULL),(20352,1302784077,1302784351,31795200,'MWS-000020352','7d5ee309','Vishwa Infrastructures','arun@vishwainfra.in',0,0,'122.175.76.59',NULL,NULL),(20355,1304319491,1304341721,44668800,'MWS-000020355','9e0580c3','Venkat Sai Group','praveen.r@venkatsaienterprises.com',0,0,'122.175.85.35',NULL,NULL),(20426,1304323954,1306490765,26179200,'MWS-000020426','26e5afd2','Immersive Games','harinath@immersivegames.co.uk',0,0,'122.169.128.246',NULL,NULL),(20531,1306402547,1307792039,31017600,'MWS-000020531','3b782b61','Rahul','rahul.kasinad@gmail.com',0,0,'122.175.77.48',NULL,NULL),(20532,1306846537,1306998231,31363200,'MWS-000020532','42fb4cf8','Indu Projects Ltd','muralidhar.k@induprojects.com',0,0,'122.169.170.121',NULL,NULL),(20533,1306926314,1306997079,28857600,'MWS-000020533','8676e4c6','GTN Group of Industries','sn_rinwa@gtnindustries.com',0,0,'122.169.150.229',NULL,NULL),(20534,1308204209,1308305515,32745600,'MWS-000020534','4952cb28','EPTRI','srinivasan3@eptri.com',0,0,'122.169.217.39',NULL,NULL),(20565,1323787731,1323787731,31536000,'jairaj','kickass','jairaj','ascoolaswater@gmail.com',8,0,'122.169.248.253',NULL,NULL),(20542,1319524675,1323098595,4320000,'MWS-000020542','89017a04','','',0,0,'122.169.248.253',NULL,NULL),(20591,1324911418,1325160044,13305600,'raj','jairaj','jairaj','ascoolaswater@gmail.com',0,0,'122.169.248.253',0,1),(20590,1324909658,1324909760,2592000,'MWS-000020590','451597f7','ananth sridhar','sridha@anathtech.com',0,0,'122.169.248.253',1,150),(20587,1324881080,1324881080,31536000,'raomk','gcdas1','Rao','raomk@rs-solutions.in',8,0,'122.169.135.201',0,1),(20586,1324729108,1324730046,31536000,'MWS-000020586','8fea27e1','Rao Sir','raomk@rs-solutions.in',0,0,'122.169.248.253',0,1),(20553,1320737738,1320746734,31622400,'MWS-000020553','957d1c29','Bvsr constructions Pvt Ltd','bvsrconstructionspvtltd@gmail.com',0,1,'122.169.248.253',NULL,NULL),(20555,1320908337,1321434841,31536000,'MWS-000020555','c1a34251','Jubliee Hills International Centre','jhic1987@gmail.com',0,0,'122.169.160.159',NULL,NULL),(20645,1326282458,1326283111,31536000,'MWS-000020645','a0dae292','manohar singh','cmanoharsingh@gmail.com',0,0,'122.169.140.8',0,1),(20557,1321256344,1322107014,31536000,'MWS-000020557','3acf2429','shalivahana green energy limited','admin@shalivahanagroup.com',0,0,'122.169.160.106',NULL,NULL),(20589,1324895398,1324895437,2592000,'MWS-000020589','18c95f99','appad','appard@appard.com',0,0,'122.169.248.253',1,1),(20588,1324883315,1324883553,31536000,'MWS-000020588','c228225b','sherlina','sherlina@rs-solutions.in',0,0,'122.169.135.201',0,1),(20563,1322655207,0,2592000,'MWS-000020563','a4f24d9c','Seshu','seshukuamr@orientcements.in',0,0,'122.169.134.103',NULL,NULL),(20564,1323699761,1323699917,31536000,'MWS-000020564','d34420d3','IIC Manohar','',0,0,'122.169.248.253',NULL,NULL),(20566,1323848153,1323848203,31536000,'MWS-000020566','a9e66b28','A.Laxmipathi','laxmipathi.a@gmail.com',0,0,'182.18.184.2',NULL,NULL),(20567,1323849172,1323849318,86400000,'MWS-000020567','61ba4196','Ramky Group of Companies','laxmipathi@ramky.com',0,1,'182.18.184.2',NULL,NULL),(20568,1323868719,1323868719,35769600,'alex','alex@admin','alex','akorowsky@gmail.com',8,0,'122.169.248.253',NULL,NULL),(20569,1324282668,1324282726,2592000,'MWS-000020569','a4ea9240','NICMAR Test Lice','',0,0,'110.234.138.2',NULL,NULL),(20596,1325071453,1325075322,22896000,'MWS-000020596','d13923d3','Ananth Technologies Ltd','sridhar.bandi@ananthtech.com',0,0,'122.169.130.145',1,150),(20595,1325071014,1325582375,13737600,'MWS-000020595','c5ae20cb','Indu Projects Ltd','muralidhar.k@induprojects.com',0,0,'122.169.130.145',1,501),(20594,1325070219,1325074356,67651200,'MWS-000020594','98c70e0a','Scitech Patent Art Services Ltd','vamsi@patent-art.com',0,0,'122.169.130.145',1,101),(20593,1325068952,1325152681,74131200,'MWS-000020593','882dc5f4','Ramky Group of Companies','laxmipathi@ramky.com',0,0,'122.169.130.145',1,800),(20592,1324966828,1325569214,31536000,'MWS-000020592','d5cca4fd','Ramesh','rameshreddysithagari@gmail.com',0,0,'122.169.248.253',0,1),(20578,1324534890,1324885292,2592000,'MWS-000020578','cc08383b','Asian Inst of Gastroenterology','msnreddy2k@gmail.com',0,0,'203.163.252.214',1,20),(20579,1324534966,1324534983,2592000,'MWS-000020579','00088cf4','Asian Inst of Gastroenterology','msnreddy2k@gmail.com',0,0,'203.163.252.214',0,20),(20581,1324552283,1324552369,11232000,'MWS-000020581','e14d1436','Scitech','vamsi@patent-art.com',0,0,'122.169.248.253',1,101),(20597,1325071707,1325234604,3888000,'MWS-000020597','d1f00b49','AMR APARD','alkumar.18@gmail.com',0,0,'122.169.130.145',1,200),(20598,1325072871,1325500637,27216000,'MWS-000020598','33dc4839','CSS Tech Energy','jm.sarma@csstechnergy.com',0,0,'122.169.130.145',1,40),(20599,1325073144,1325302920,23500800,'MWS-000020599','2c7225a1','IIC Technologies Pvt. ltd.','manoharreddy@iictechnologies.com',0,0,'122.169.130.145',1,625),(20600,1325073377,1325139178,6393600,'MWS-000020600','1c4b94ba','NICMAR','sivakumar@nicmar.ac.in',0,0,'122.169.130.145',1,75),(20601,1325073623,1327056118,16416000,'MWS-000020601','d9c11641','Aurigene Discovery Technologies Limited','venkatesh_r@aurigene.com',0,0,'122.169.130.145',1,330),(20604,1325158642,1325159402,14083200,'MWS-000020604','aa92b486','NICMAR','sivakumar@nicmar.ac.in',0,0,'122.169.168.114',1,50),(20605,1325158690,1325235048,11059200,'MWS-000020605','6c093784','GTN Group','sn_rinwa@gtnindustries.com',0,0,'122.169.168.114',1,500),(20606,1325159789,1325159816,1728000,'admin1','admin1','raj','ascoolaswater@gmail.com',0,0,'122.169.248.253',0,1),(20607,1325230881,1325231454,31536000,'MWS-000020607','2afead87','Charan Rao sir son','gcharandas@gmail.com',0,0,'122.169.248.253',0,1),(20608,1325233834,0,13996800,'MWS-000020608','7fdc234b','Rajiv Vidya Mission','misspo.ap@gmail.com',0,0,'122.169.166.228',0,48),(20609,1325234054,0,12009600,'MWS-000020609','b4696c67','Rajiv Vidya Mission','misspo.ap@gmail.com',0,0,'122.169.166.228',0,3),(20610,1325234092,0,22464000,'MWS-000020610','74264f14','Rajiv Vidya Mission','misspo.ap@gmail.com',0,0,'122.169.166.228',0,14),(20611,1325234190,1325659395,58233600,'MWS-000020611','82c1e8ec','IIC Technologies Pvt. ltd.','manoharreddy@iictechnologies.com',0,0,'122.169.166.228',0,30),(20612,1325234211,1326252799,54604800,'MWS-000020612','13c78049','IIC Technologies Pvt. ltd.','manoharreddy@iictechnologies.com',0,0,'122.169.166.228',0,25),(20613,1325234223,1326173816,54604800,'MWS-000020613','9f013761','IIC Technologies Pvt. ltd.','manoharreddy@iictechnologies.com',0,0,'122.169.166.228',0,60),(20614,1325234233,0,54604800,'MWS-000020614','c9d2e6f3','IIC Technologies Pvt. ltd.','manoharreddy@iictechnologies.com',0,0,'122.169.166.228',0,40),(20615,1325234242,1326272882,54604800,'MWS-000020615','2f8e2115','IIC Technologies Pvt. ltd.','manoharreddy@iictechnologies.com',0,0,'122.169.166.228',0,50),(20616,1325239170,0,18489600,'MWS-000020616','dd06e6eb','INCAP','incap@incap.co.in',0,0,'122.169.165.24',0,10),(20617,1325239246,0,13737600,'MWS-000020617','bd22f58b','Shalivahana Green Energy Limited','admin@shalivahanagroup.com',0,0,'122.169.165.24',0,50),(20618,1325239320,1326697959,27216000,'MWS-000020618','0274504a','CSS Tech Energy','jm.sharma@csstechenergy.com',0,0,'122.169.165.24',0,60),(20619,1325240599,1330060434,18921600,'MWS-000020619','9e5eeedc','Venkat Sai Group','praveen.r@venkatsaienterprises.com',0,0,'122.169.165.24',0,4),(20621,1325240768,1330060070,24192000,'MWS-000020621','55fd835b','Venkat Sai Group','praveen.r@venkatsaienterprises.com',0,0,'122.169.165.24',1,20),(20622,1325240826,0,13737600,'MWS-000020622','d9161444','Shalivahana Green Energy Limited','admin@shalivahanagroup.com',0,0,'122.169.165.24',1,50),(20623,1325241376,0,18489600,'MWS-000020623','7eea77fa','INCAP','incap@incap.co.in',0,1,'122.169.165.24',1,10),(20624,1325573895,1326192525,27561600,'MWS-000020624','650bf46b','B V S R Constructions','bvsrconstructionsprvtltd@gmail.com',0,1,'122.169.153.63',1,30),(20690,1332224190,1332308803,31536000,'MWS-000020690','1b508eea','Rajiv Vidya Mission','bimbadharb@gmail.com',0,0,'122.169.147.71',0,5),(20626,1325574854,0,15033600,'MWS-000020626','53481368','EPTRI','srinivasan3@eptri.com',0,0,'122.169.153.63',1,101),(20627,1325574960,0,4924800,'MWS-000020627','0a8c5ab0','Immersive Games','harinath@immersivegames.co.uk',0,0,'122.169.153.63',1,12),(20628,1325575015,0,24796800,'MWS-000020628','e0f332b0','Jubilee Hills International Centre','jhic1987@gmail.com',0,0,'122.169.153.63',1,30),(20629,1325575146,1325757603,64454400,'MWS-000020629','242e0aba','Surana Group','shankar@surana.com',0,0,'122.169.153.63',1,60),(20631,1325582463,1330059293,18921600,'MWS-000020631','d23b3d89','Creamline Dairy Products','itservices@creamlinedairy.com',0,0,'122.169.153.63',1,210),(20632,1325582906,0,5270400,'MWS-000020632','6ac71125','AMR APARD','alkumar.18@gmail.com',0,0,'122.169.153.63',0,10),(20634,1325673009,0,6998400,'MWS-000020634','fc36c5af','SCCI Pvt ltd','murali.scci@gmail.com',0,0,'122.169.153.63',1,100),(20635,1325673910,0,12960000,'MWS-000020635','166eab47','Shalivahana Green Energy Limited','admin@shalivahanagroup.com',0,0,'122.169.153.63',1,50),(20636,1325674026,0,12960000,'MWS-000020636','44005744','Shalivahana Green Energy Limited','admin@shalivahanagroup.com',0,0,'122.169.153.63',0,50),(20637,1325740544,1326176098,24624000,'MWS-000020637','e225b553','Radiant Group','admin@radiantcorpn.com',0,0,'122.169.153.63',1,65),(20638,1325742409,0,71884800,'MWS-000020638','f308ab25','Commissioner and Directorate of Agriculture','comag-infocell-ap@nic.in',0,0,'122.169.153.63',1,200),(20639,1325857541,1326619467,31622400,'MWS-000020639','27f2306d','Siraj Ramky','siraj@ramky.com',0,0,'122.169.248.253',0,10),(20640,1326087002,1326092020,9849600,'MWS-000020640','e5e38142','GTN Group','sn_rinwa@gtnindustries.com',0,0,'122.169.139.27',0,50),(20641,1326089596,0,1296000,'MWS-000020641','f6e30049','raj','ascoolaswater@gmail.com',0,0,'122.169.248.253',2,1),(20642,1326090731,1326108222,5097600,'MWS-000020642','d502823c','NICMAR web security','sivakumar@nicmar.ac.in',0,0,'122.169.139.27',0,50),(20643,1326122060,1326122079,4406400,'MWS-000020643','61ff7985','raj','ascool@gm.com',0,0,'122.169.167.128',1,1),(20644,1326123274,1326123336,31795200,'MWS-000020644','04416e1c','vamsi','vamsi@patent-art.com',0,0,'122.169.248.253',0,1),(20650,1326799882,1327936304,72144000,'MWS-000020650','1e2e492c','Ramky Group of Companies','rameshreddy@ramky.com',0,0,'122.169.159.243',0,10),(20648,1326798509,1328166025,21513600,'MWS-000020648','0c72b071','IIC Technologies Pvt. ltd.','manoharreddy@iictechnologies.com',0,0,'122.169.159.243',0,10),(20649,1326798596,1327919410,12096000,'MWS-000020649','09c109f4','NICMAR','sivakumar@nicmar.ac.in',0,0,'122.169.159.243',0,10),(20677,1330265702,1330265772,1296000,'MWS-000020677','5b627042','cloudwebpr','eee@ce.com',0,0,'46.200.193.186',3,1),(20653,1326887980,0,26870400,'MWS-000020653','cf543e7b','Radiant Group','admin@radiantcorpn.com',0,0,'122.169.133.27',0,10),(20655,1327413281,1327413326,2592000,'MWS-000020655','c1c5a9c8','Ramakrishna','rkboppudi@gmail.com',0,0,'202.153.35.190',1,5),(20656,1327476137,0,31622400,'MWS-000020656','4282dbe4','Surendra Reddy Mula','surendra_mula@yahoo.co.in',0,0,'122.169.128.196',0,1),(20658,1327732075,1327755090,73785600,'MWS-000020658','136d9ee5','Ramky GadenSouth Africa','laxmipathi@ramky.com',0,0,'14.96.202.22',0,25),(20659,1327821090,1327910417,31449600,'MWS-000020659','fdbc6daa','Lee Pharma Ltd','it@leepharma.com',0,0,'14.99.78.165',1,100),(20660,1327834591,1327995532,31622400,'MWS-000020660','f0d30c14','UURMI SYSTEMS PVT LTD','ramakrishnab@uurmi.com',0,0,'14.96.101.240',1,50),(20661,1327898057,1327899179,31536000,'MWS-000020661','821a5ec6','Joykrian','joypaul17@gmail.com',0,0,'122.169.138.218',0,1),(20662,1327901388,1327987566,71280000,'MWS-000020662','f16cf97d','Ramky Group','laxmipathi@ramky.com',0,0,'122.169.138.218',0,1),(20663,1327908369,1327908441,31536000,'scitech','spa@123','Vamsi','vamsi@patent-art.com',0,0,'122.169.248.253',0,1),(20664,1327995200,1327995371,102470400,'MWS-000020664','2b7f4ce1','IIC Technologies','kishorereddyk@iictechnologies.com',0,0,'122.169.138.218',1,750),(20665,1327999617,1328010178,59616000,'MWS-000020665','8cb1db7b','S.B.S.Manian','manianchidrupi@yahoo.com',0,0,'122.169.138.218',0,3),(20666,1328514092,1328517110,31536000,'MWS-000020666','87de2c80','LeePharma','it@leepharma.com',0,0,'122.169.131.161',0,15),(20667,1328855265,1328862192,49075200,'MWS-000020667','e5617adc','APPCB','suresh_251010@yahoo.co.in',0,0,'122.169.143.169',1,320),(20668,1328855340,1329116526,49075200,'MWS-000020668','1a777589','APPCB','suresh_251010@yahoo.co.in',0,0,'122.169.143.169',0,300),(20669,1329127332,1329232714,31536000,'MWS-000020669','26743714','Mangipudy Padmanabham','mangipudy@gmail.com',0,0,'122.169.137.100',0,5),(20670,1329128818,0,10368000,'MWS-000020670','1c16939d','M K Goyal NMDC','mkgoyal@nmdc.co.in',0,0,'122.169.137.100',0,2),(20671,1329396308,1329653323,31536000,'MWS-000020671','59ca277c','Ramesh Raddy Ramky','rameshreddy@ramky.com',0,0,'122.169.248.253',0,5),(20672,1329468027,1334250399,31536000,'MWS-000020672','83356f65','Laxmipathi','laxmipathi.a@gmail.com',0,0,'124.247.234.98',0,10),(20673,1329479795,1329507241,31536000,'MWS-000020673','8be589fb','Sai kiran','kiranfriendz@gmail.com',0,0,'122.169.128.59',0,1),(20674,1329495343,1329500953,31536000,'MWS-000020674','5539d7f2','mehta prasad','mp.dinavahi@gmail.com',0,0,'122.169.248.253',0,1),(20675,1329498347,1329498389,31536000,'MWS-000020675','44b7dc82','Server license','sj@msecuredatalabs.com',0,0,'122.169.248.253',0,1),(20676,1330060783,1330060812,18921600,'MWS-000020620','531605bd','Venkat Sai Group','praveen.r@venkatsaienterprises.com',0,0,'122.169.248.253',0,60),(20678,1330344052,1330433782,31536000,'MWS-000020678','9c51ef22','C S Rao','pranichealingcsrao@yahoo.com',0,0,'122.169.164.105',0,1),(20679,1331811278,1331965889,11491200,'MWS-000020679','477a67c9','Aurigene Discovery Technologies Limited','venkatesh_r@aurigene.com',0,0,'122.169.182.4',0,150),(20689,1331966714,1331966747,11491200,'MWS-000020681','bed89d75','Aurigene Discovery Technologies Limited WebSecurity','venkatesh_r@aurigene.com',0,0,'122.169.248.253',0,160),(20691,1332306167,0,31536000,'MWS-000020691','5a3cd269','Venkat Sai Enterprises Group','praveen.r@venkatsaienterprises.com',0,0,'122.169.128.58',0,1),(20696,1334230632,1334230723,1296000,'MWS-000020696','3cdc41f0','Sridhar','sridhar@anathtech.com',0,0,'122.169.248.253',0,1),(20695,1333781478,1333978595,31536000,'MWS-000020695','60319e16','M.V.Rao','mv.rao49@gmail.com',0,0,'122.169.154.52',0,1),(20697,1334643900,1334645522,3888000,'MWS-000020697','dea8003c','Shalivahana Green Energy Limited','chandranidi@shalivahanagroup.com',0,0,'122.169.133.90',1,50),(20698,1334644291,1334645665,3888000,'MWS-000020698','e7e2ed43','Shalivahana Green Energy Limited','chandranidi@shalivahanagroup.com',0,0,'122.169.133.90',0,50),(20699,1334758449,1334758480,3715200,'MWS-000020699','1fa85f05','raj','sj@msecuredatalabs.com',0,0,'122.169.248.253',1,1),(20700,1335863083,1336011746,31536000,'MWS-000020700','0bbf171c','IIC Technologies Ltd','manoharreddy@iictechnologies.com',0,0,'122.169.134.132',0,1),(20701,1336460932,1336632917,26697600,'MWS-000020701','304ce19d','Rithwik Projects Limited','satya.osuri@rithwikprojects.com',0,0,'122.169.166.92',1,150),(20705,1337170041,0,31536000,'MWS-000020705','895caf56','Rakesh Ramkey Personal','rakeshmandadi@yahoo.com.au',0,0,'182.18.184.2',0,5),(20704,1336636809,0,31536000,'MWS-000020704','9483b5f5','Rithwik Projects Limited','satya.osuri@rithwikprojects.com',0,0,'122.169.166.92',0,150),(20706,1337327721,1337409917,31536000,'MWS-000020706','cdeb3284','Rithwik Projects Limited','satya.osuri@rithwikprojects.com',0,0,'122.169.160.17',0,25),(20707,1337665690,0,5702400,'MWS-000020707','a7a0573c','INCAP','incap@incap.co.in',0,0,'122.169.149.65',0,10),(20708,1337665713,0,5702400,'MWS-000020708','00392f94','INCAP','incap@incap.co.in',0,0,'122.169.149.65',1,10);
/*!40000 ALTER TABLE `users` ENABLE KEYS */;
UNLOCK TABLES;
/*!40103 SET TIME_ZONE=@OLD_TIME_ZONE */;

/*!40101 SET SQL_MODE=@OLD_SQL_MODE */;
/*!40014 SET FOREIGN_KEY_CHECKS=@OLD_FOREIGN_KEY_CHECKS */;
/*!40014 SET UNIQUE_CHECKS=@OLD_UNIQUE_CHECKS */;
/*!40101 SET CHARACTER_SET_CLIENT=@OLD_CHARACTER_SET_CLIENT */;
/*!40101 SET CHARACTER_SET_RESULTS=@OLD_CHARACTER_SET_RESULTS */;
/*!40101 SET COLLATION_CONNECTION=@OLD_COLLATION_CONNECTION */;
/*!40111 SET SQL_NOTES=@OLD_SQL_NOTES */;

-- Dump completed on 2012-05-22  7:20:45
